"id","name","open_at","close_at","country_id"
122,"Dabjam","19:46:00","01:15:00",42
123,"Fatz","09:40:00","20:07:00",2
124,"Kayveo","21:09:00","21:47:00",2
125,"Brightdog","14:55:00","17:22:00",15
126,"Meezzy","06:10:00","00:07:00",19
127,"Trupe","13:56:00","18:34:00",44
128,"Jetpulse","05:18:00","17:27:00",32
129,"Twinte","21:48:00","13:24:00",42
130,"Bubblebox","10:51:00","06:46:00",19
131,"Jetwire","09:17:00","20:13:00",25
132,"Gabtype","17:51:00","00:01:00",22
133,"Realfire","11:36:00","04:40:00",14
134,"Quimm","00:08:00","01:29:00",30
135,"Jabbersphere","04:31:00","18:32:00",43
136,"Youbridge","20:59:00","19:13:00",21
137,"Realblab","16:37:00","21:07:00",22
138,"Tazz","10:32:00","12:48:00",11
139,"Gabspot","19:06:00","09:41:00",19
140,"Aimbo","19:59:00","02:21:00",4
141,"Flipbug","20:49:00","17:47:00",34
142,"Topiclounge","17:17:00","10:23:00",25
143,"Trupe","03:34:00","08:47:00",29
144,"Twitterwire","04:19:00","11:14:00",21
145,"Abata","21:11:00","18:44:00",10
146,"Riffpedia","10:44:00","19:22:00",32
147,"Voolia","04:43:00","15:40:00",27
148,"Miboo","03:08:00","23:26:00",28
149,"Jabbersphere","07:47:00","03:38:00",14
150,"Wikido","10:37:00","14:14:00",43
151,"Skinte","11:47:00","20:18:00",38
152,"Oodoo","13:47:00","15:39:00",21
153,"Divavu","20:23:00","22:17:00",11
154,"Bubblebox","04:01:00","18:16:00",26
155,"Geba","12:02:00","23:44:00",46
156,"Buzzshare","16:27:00","00:19:00",28
157,"Cogibox","00:41:00","13:09:00",13
158,"Meetz","06:56:00","04:37:00",12
159,"Twiyo","03:22:00","17:13:00",21
160,"Linklinks","05:24:00","23:39:00",18
161,"Meembee","18:39:00","08:30:00",50
162,"Devpulse","21:41:00","15:13:00",4
163,"Zoozzy","06:14:00","06:49:00",27
164,"Brainbox","05:43:00","22:38:00",31
165,"Jatri","22:59:00","06:02:00",16
166,"Feedspan","19:28:00","01:35:00",3
167,"Blogtag","08:05:00","18:53:00",23
168,"Feednation","07:50:00","12:34:00",9
169,"Avamba","04:03:00","02:52:00",3
170,"Gevee","13:32:00","18:16:00",7
171,"Tagchat","03:01:00","08:35:00",6
172,"Yakijo","21:47:00","04:28:00",18
173,"Devshare","01:36:00","16:18:00",39
174,"Quaxo","02:39:00","20:18:00",40
175,"Edgetag","08:23:00","15:40:00",6
176,"Meevee","21:34:00","16:12:00",5
177,"Skippad","16:20:00","17:50:00",8
178,"Teklist","14:01:00","00:34:00",9
179,"Innojam","20:31:00","23:47:00",41
180,"Bubblemix","13:48:00","17:44:00",28
181,"Skyvu","08:00:00","16:35:00",39
182,"Devshare","18:00:00","16:18:00",44
183,"Vidoo","22:31:00","12:29:00",36
184,"Aimbu","09:05:00","00:09:00",43
185,"Yakijo","04:20:00","21:58:00",30
186,"Jabberstorm","01:18:00","15:41:00",6
187,"Cogibox","20:58:00","19:34:00",21
188,"Teklist","05:32:00","06:49:00",50
189,"Dabvine","09:29:00","14:58:00",18
190,"Quimba","09:29:00","20:33:00",17
191,"Edgepulse","12:06:00","04:41:00",14
192,"Yadel","19:24:00","10:36:00",28
193,"Bubblebox","11:15:00","04:33:00",21
194,"Mynte","21:12:00","11:12:00",16
195,"Browseblab","03:51:00","13:30:00",37
196,"Skivee","15:41:00","12:14:00",16
197,"Thoughtstorm","17:22:00","22:01:00",33
198,"Babbleopia","08:24:00","19:16:00",34
199,"Photojam","14:12:00","13:36:00",8
200,"Buzzdog","02:51:00","09:54:00",30
201,"Tekfly","18:01:00","15:09:00",20
202,"Bubblemix","14:29:00","15:37:00",29
203,"Jabbercube","17:34:00","11:31:00",44
204,"Eazzy","04:00:00","23:08:00",17
205,"Browsetype","17:20:00","11:59:00",7
206,"Livetube","16:52:00","12:50:00",29
207,"Twinte","15:28:00","21:57:00",35
208,"Devpoint","14:31:00","09:40:00",42
209,"Skajo","05:56:00","05:12:00",44
210,"Tagcat","14:07:00","08:14:00",5
211,"Ainyx","16:09:00","05:36:00",46
212,"Skiptube","02:02:00","22:05:00",17
213,"Zoomzone","03:16:00","09:50:00",28
214,"Tagfeed","09:28:00","18:10:00",5
215,"Chatterpoint","20:40:00","18:15:00",3
216,"Buzzbean","20:57:00","05:52:00",29
217,"Twitterworks","11:38:00","02:35:00",6
218,"Abatz","03:40:00","08:42:00",2
219,"Meezzy","16:11:00","01:08:00",25
220,"Fivebridge","11:43:00","12:30:00",40
221,"Plambee","05:52:00","06:14:00",47
222,"Yakidoo","19:33:00","23:49:00",7
223,"Oyondu","12:21:00","19:10:00",17
224,"Thoughtworks","18:20:00","21:17:00",44
225,"Fanoodle","04:01:00","23:07:00",40
226,"Babbleopia","21:14:00","14:44:00",7
227,"Leenti","05:32:00","04:53:00",44
228,"Quatz","21:20:00","06:18:00",34
229,"Abata","02:53:00","08:48:00",36
230,"Brightdog","14:09:00","03:16:00",25
231,"Voolia","11:46:00","04:34:00",46
232,"Babbleset","08:48:00","22:24:00",7
233,"Jabberbean","06:04:00","11:54:00",18
234,"Digitube","11:47:00","19:04:00",46
235,"Photobean","08:33:00","23:36:00",45
236,"Ainyx","02:07:00","22:28:00",46
237,"Twitterlist","10:15:00","02:52:00",8
238,"Brightbean","23:45:00","23:04:00",28
239,"Rhybox","16:48:00","04:41:00",16
240,"Topicware","03:41:00","16:16:00",3
241,"Topiczoom","10:12:00","20:51:00",3
242,"Minyx","00:08:00","23:34:00",35
243,"Skinte","23:15:00","15:42:00",14
244,"Topicblab","04:41:00","10:47:00",1
245,"Podcat","04:24:00","00:13:00",50
246,"Fliptune","16:48:00","05:19:00",16
247,"Browsedrive","13:48:00","05:13:00",4
248,"Meezzy","08:44:00","03:03:00",17
249,"Vitz","09:32:00","09:59:00",1
250,"Divape","17:26:00","00:35:00",9
251,"Pixoboo","22:08:00","19:55:00",9
252,"Skyble","02:41:00","13:34:00",12
253,"Jazzy","12:22:00","21:01:00",5
254,"Meezzy","18:58:00","02:56:00",44
255,"Gigashots","19:54:00","13:34:00",13
256,"Trunyx","10:58:00","04:18:00",23
257,"Katz","13:41:00","20:50:00",19
258,"Voonder","15:30:00","15:18:00",43
259,"Babblestorm","11:38:00","00:45:00",35
260,"Mynte","17:19:00","21:01:00",39
261,"Divavu","03:11:00","09:07:00",35
262,"Divape","19:09:00","07:35:00",40
263,"Yadel","23:16:00","01:04:00",25
264,"Devify","16:02:00","01:07:00",45
265,"Jabberstorm","07:06:00","18:14:00",27
266,"Zoomlounge","00:35:00","19:22:00",13
267,"Browsetype","00:45:00","12:04:00",7
268,"Yata","17:37:00","14:44:00",31
269,"Yambee","00:05:00","10:41:00",7
270,"Shuffledrive","16:46:00","12:14:00",45
271,"Skinix","12:26:00","01:44:00",5
272,"Meetz","15:34:00","22:11:00",24
273,"Brainlounge","10:36:00","14:46:00",17
274,"Quimm","20:10:00","14:33:00",41
275,"Divanoodle","17:03:00","11:40:00",6
276,"Edgepulse","22:27:00","20:20:00",10
277,"Realpoint","15:21:00","10:36:00",20
278,"Feedfish","04:31:00","01:47:00",44
279,"Demizz","19:56:00","18:12:00",33
280,"Flashdog","23:02:00","00:30:00",24
281,"Rhynyx","03:43:00","06:45:00",27
282,"Yata","10:16:00","12:33:00",34
283,"Trunyx","20:45:00","19:22:00",49
284,"Topicshots","18:44:00","05:50:00",40
285,"Jabbertype","06:38:00","18:05:00",42
286,"Gevee","22:54:00","14:40:00",34
287,"Mydo","14:33:00","12:02:00",15
288,"Yadel","18:56:00","13:53:00",45
289,"Ailane","00:34:00","18:54:00",39
290,"Fivebridge","19:28:00","10:35:00",25
291,"Gabtype","00:57:00","15:44:00",35
292,"Pixope","08:20:00","17:37:00",12
293,"Brainbox","20:46:00","14:32:00",10
294,"Innotype","04:28:00","06:24:00",35
295,"Youspan","06:01:00","11:12:00",39
296,"Jamia","03:30:00","22:47:00",20
297,"Voonix","08:58:00","11:46:00",1
298,"Skimia","05:28:00","05:14:00",23
299,"Cogibox","17:07:00","14:29:00",43
300,"Flashset","11:55:00","09:32:00",1
301,"Jamia","13:45:00","22:37:00",29
302,"Izio","06:58:00","09:48:00",23
303,"Zoovu","02:26:00","23:13:00",44
304,"Meeveo","22:37:00","06:16:00",12
305,"Wordify","10:11:00","22:08:00",19
306,"Kaymbo","06:44:00","05:39:00",50
307,"Yambee","22:41:00","03:09:00",4
308,"Midel","09:56:00","09:30:00",33
309,"Skinder","22:04:00","18:51:00",9
310,"Quatz","02:10:00","13:57:00",35
311,"Divanoodle","09:01:00","23:42:00",26
312,"Thoughtmix","08:53:00","13:25:00",31
313,"InnoZ","22:13:00","02:52:00",22
314,"Kwinu","07:03:00","01:01:00",9
315,"Shufflester","23:41:00","12:45:00",5
316,"Devcast","02:03:00","19:36:00",17
317,"Meemm","04:59:00","20:03:00",3
318,"Zoombox","04:30:00","19:54:00",8
319,"Yakijo","04:51:00","16:35:00",12
320,"Skalith","19:31:00","05:35:00",4
321,"Skynoodle","22:18:00","12:02:00",8
322,"Flashpoint","11:30:00","00:01:00",21
323,"Dabshots","05:44:00","20:12:00",39
324,"Pixonyx","23:03:00","21:28:00",3
325,"Brainverse","12:03:00","03:39:00",36
326,"Vitz","11:15:00","22:15:00",20
327,"Babbleset","00:24:00","02:04:00",9
328,"Shuffledrive","22:10:00","07:48:00",3
329,"Latz","21:08:00","04:32:00",2
330,"Innotype","21:11:00","19:47:00",36
331,"Avavee","04:35:00","23:47:00",34
332,"Jabberstorm","06:39:00","14:43:00",43
333,"Vimbo","08:00:00","18:12:00",39
334,"Livefish","13:37:00","21:42:00",46
335,"Rhyzio","17:00:00","10:43:00",9
336,"Kwideo","10:23:00","10:02:00",7
337,"Wikido","20:24:00","14:12:00",36
338,"Photolist","12:19:00","22:53:00",28
339,"Eamia","01:15:00","02:27:00",29
340,"Jetwire","09:20:00","09:32:00",41
341,"Jabberbean","07:50:00","20:22:00",35
342,"Oloo","23:21:00","10:27:00",50
343,"Vinder","23:37:00","12:31:00",48
344,"Demizz","18:22:00","20:06:00",32
345,"Shufflebeat","14:58:00","12:20:00",17
346,"Skinix","02:17:00","02:24:00",36
347,"Mudo","01:20:00","13:47:00",38
348,"Dabshots","16:12:00","10:32:00",9
349,"Skidoo","11:16:00","12:59:00",12
350,"Janyx","00:57:00","05:47:00",20
351,"LiveZ","21:29:00","20:27:00",41
352,"Snaptags","14:48:00","10:04:00",29
353,"Agivu","16:39:00","20:12:00",50
354,"Vidoo","01:03:00","13:21:00",18
355,"Devbug","16:09:00","17:35:00",46
356,"Oba","22:21:00","16:40:00",18
357,"Tanoodle","02:48:00","15:17:00",11
358,"Buzzster","00:52:00","18:39:00",25
359,"Kwideo","04:22:00","04:29:00",18
360,"Flashspan","20:02:00","01:37:00",12
361,"Fadeo","00:04:00","05:28:00",7
362,"Gevee","01:24:00","22:06:00",6
363,"Tagcat","23:36:00","08:12:00",15
364,"Jaloo","09:47:00","06:10:00",11
365,"Pixoboo","19:19:00","11:37:00",42
366,"Twitterbeat","20:37:00","00:31:00",44
367,"Skajo","09:01:00","21:55:00",6
368,"Thoughtworks","22:00:00","16:43:00",42
369,"Blogtags","09:44:00","13:47:00",49
370,"Realbuzz","05:20:00","00:38:00",32
371,"Gigashots","03:09:00","20:18:00",16
372,"Skiptube","03:31:00","13:02:00",22
373,"Photofeed","04:31:00","12:36:00",19
374,"Kaymbo","01:27:00","12:53:00",47
375,"Zoomcast","14:03:00","03:10:00",18
376,"Vipe","22:30:00","07:32:00",21
377,"Yombu","14:24:00","06:54:00",13
378,"Oozz","18:53:00","09:16:00",42
379,"Skyvu","12:32:00","02:58:00",41
380,"Mymm","11:25:00","23:01:00",38
381,"Tazz","16:03:00","08:20:00",42
382,"Layo","16:14:00","19:35:00",38
383,"Dynazzy","01:07:00","13:20:00",19
384,"Devify","17:29:00","18:55:00",4
385,"Gabspot","02:01:00","12:36:00",11
386,"Oyoyo","16:34:00","18:44:00",24
387,"Jayo","14:37:00","08:19:00",5
388,"Devshare","07:46:00","01:32:00",20
389,"Vipe","09:01:00","23:25:00",9
390,"Devcast","11:33:00","09:06:00",25
391,"Brainverse","22:17:00","08:01:00",47
392,"Ntag","13:23:00","01:36:00",12
393,"Flipopia","14:39:00","20:46:00",41
394,"Voonte","15:41:00","02:16:00",33
395,"Mydo","00:55:00","01:53:00",14
396,"Demimbu","12:03:00","09:03:00",12
397,"Lazz","08:24:00","14:56:00",2
398,"Photospace","23:00:00","15:53:00",20
399,"Tagtune","18:11:00","23:00:00",41
400,"Linktype","12:28:00","10:02:00",14
401,"Thoughtbridge","13:43:00","14:03:00",17
402,"Photofeed","17:27:00","07:39:00",26
403,"Browsebug","10:26:00","14:28:00",47
404,"Vimbo","10:32:00","13:40:00",1
405,"Realbuzz","10:55:00","01:57:00",38
406,"Divavu","14:11:00","01:53:00",13
407,"Devpoint","01:04:00","23:31:00",32
408,"Realbuzz","18:39:00","16:39:00",16
409,"Thoughtmix","09:42:00","07:29:00",16
410,"Babbleset","10:19:00","03:22:00",32
411,"Gigazoom","04:30:00","14:01:00",24
412,"Twitterbeat","15:17:00","21:47:00",24
413,"Yodel","15:12:00","18:58:00",32
414,"Oyonder","08:23:00","05:29:00",47
415,"Pixonyx","07:51:00","01:47:00",22
416,"Oloo","23:04:00","09:53:00",26
417,"Devcast","20:51:00","08:41:00",40
418,"Topiclounge","07:59:00","21:56:00",36
419,"Meembee","19:02:00","12:16:00",42
420,"Linkbuzz","21:32:00","12:33:00",32
421,"Zava","12:05:00","17:51:00",12
422,"Linktype","23:13:00","16:39:00",11
423,"Rooxo","17:35:00","17:56:00",3
424,"Meeveo","14:08:00","01:06:00",23
425,"Innojam","09:22:00","16:30:00",33
426,"Meejo","11:51:00","07:13:00",29
427,"Linklinks","04:01:00","00:34:00",49
428,"Skimia","05:31:00","10:13:00",31
429,"Bluezoom","09:59:00","16:12:00",27
430,"Centimia","05:58:00","04:46:00",35
431,"Voonder","04:52:00","10:27:00",3
432,"Browsedrive","03:31:00","03:07:00",5
433,"Demimbu","15:34:00","00:08:00",2
434,"Jazzy","11:48:00","18:23:00",45
435,"Chatterbridge","07:17:00","20:22:00",1
436,"Centidel","07:27:00","11:07:00",5
437,"Chatterbridge","21:11:00","20:19:00",18
438,"Photobug","06:22:00","12:57:00",22
439,"Yoveo","13:26:00","21:58:00",43
440,"Demimbu","14:06:00","05:08:00",45
441,"Zoombeat","16:47:00","06:33:00",35
442,"Jabbersphere","14:44:00","03:32:00",27
443,"Photobean","04:39:00","08:35:00",38
444,"Devpoint","03:54:00","21:24:00",29
445,"Meedoo","01:41:00","15:36:00",45
446,"Livetube","04:18:00","21:20:00",26
447,"Janyx","23:27:00","09:49:00",24
448,"Oyope","04:00:00","10:09:00",4
449,"Mybuzz","09:27:00","17:30:00",16
450,"Brightbean","15:22:00","22:29:00",1
451,"Roomm","16:07:00","16:26:00",38
452,"Mynte","20:13:00","18:24:00",37
453,"Zoovu","00:29:00","00:31:00",42
454,"Dazzlesphere","04:38:00","03:22:00",41
455,"Zoombox","21:36:00","10:40:00",8
456,"Abatz","03:21:00","15:34:00",32
457,"Trudoo","07:43:00","00:12:00",21
458,"Linklinks","00:34:00","13:59:00",4
459,"Meejo","13:40:00","19:45:00",24
460,"Oba","10:24:00","19:13:00",15
461,"Fiveclub","23:21:00","00:55:00",2
462,"Wikido","01:22:00","22:00:00",18
463,"Thoughtstorm","00:20:00","10:16:00",17
464,"Twiyo","05:55:00","15:04:00",25
465,"Chatterpoint","23:37:00","13:11:00",10
466,"Babbleblab","03:29:00","20:04:00",32
467,"Yoveo","00:19:00","08:18:00",40
468,"Mita","05:02:00","14:41:00",30
469,"Flipstorm","09:00:00","01:15:00",21
470,"Realpoint","10:29:00","11:58:00",42
471,"Voonder","14:29:00","13:09:00",31
472,"Jabbercube","00:17:00","05:39:00",42
473,"Youopia","03:09:00","19:07:00",26
474,"Leenti","22:05:00","16:32:00",16
475,"Tagcat","07:32:00","11:59:00",40
476,"Bubbletube","00:44:00","00:32:00",37
477,"Riffpath","08:58:00","11:57:00",37
478,"Browsetype","02:44:00","03:17:00",23
479,"Mynte","13:46:00","19:34:00",48
480,"DabZ","01:07:00","02:43:00",40
481,"Voonyx","16:48:00","04:45:00",46
482,"Oloo","18:28:00","13:36:00",38
483,"Edgeify","11:17:00","23:13:00",3
484,"Rhynyx","13:07:00","17:53:00",50
485,"Thoughtworks","14:10:00","17:23:00",37
486,"Thoughtmix","01:24:00","14:46:00",22
487,"Babbleblab","02:52:00","16:51:00",29
488,"Rhybox","03:43:00","00:17:00",14
489,"Devify","15:59:00","15:32:00",4
490,"Meedoo","12:00:00","12:08:00",46
491,"Brainsphere","18:06:00","04:29:00",8
492,"Twitterbeat","14:26:00","04:10:00",19
493,"Yodo","07:12:00","04:34:00",29
494,"Twinte","02:45:00","13:28:00",19
495,"Zoomzone","20:16:00","11:04:00",31
496,"Wordware","09:51:00","06:43:00",19
497,"Oozz","08:21:00","07:44:00",40
498,"Dabtype","18:34:00","12:49:00",38
499,"Dynabox","12:01:00","12:10:00",3
500,"LiveZ","12:07:00","10:03:00",33
501,"Zoomzone","18:17:00","08:00:00",31
502,"Tambee","02:51:00","01:40:00",28
503,"Agimba","13:27:00","12:08:00",30
504,"Mybuzz","23:58:00","08:24:00",14
505,"Thoughtmix","10:29:00","13:06:00",37
506,"Photobean","07:47:00","23:07:00",39
507,"Voonix","01:11:00","16:50:00",5
508,"Lazz","15:31:00","19:57:00",11
509,"Topdrive","14:31:00","00:11:00",8
510,"Twinte","05:20:00","12:29:00",26
511,"Zoomdog","09:10:00","06:13:00",18
512,"Edgetag","20:02:00","09:57:00",49
513,"Topdrive","13:22:00","10:14:00",35
514,"Skajo","12:34:00","22:42:00",31
515,"Rhyloo","09:05:00","05:52:00",50
516,"Skipfire","01:23:00","23:27:00",32
517,"Twimbo","00:26:00","19:17:00",35
518,"Skipstorm","23:02:00","00:27:00",48
519,"Livepath","16:17:00","22:48:00",7
520,"Thoughtstorm","10:59:00","02:09:00",5
521,"Topiclounge","13:54:00","08:33:00",42
522,"Katz","18:16:00","19:33:00",33
523,"Fivespan","20:23:00","11:28:00",34
524,"Realmix","07:55:00","03:52:00",33
525,"Thoughtmix","16:37:00","22:10:00",41
526,"Ozu","15:53:00","13:56:00",2
527,"Vinder","08:07:00","13:29:00",39
528,"Shuffledrive","16:42:00","23:00:00",28
529,"Fiveclub","14:27:00","04:21:00",2
530,"Eadel","08:14:00","13:40:00",1
531,"Skidoo","09:16:00","19:25:00",27
532,"Realcube","12:41:00","21:07:00",15
533,"Pixope","20:31:00","13:34:00",39
534,"Tagpad","17:17:00","23:45:00",3
535,"Vitz","23:27:00","10:59:00",9
536,"Feedfire","16:03:00","02:45:00",23
537,"Skyble","22:37:00","19:49:00",44
538,"Eamia","03:02:00","12:09:00",20
539,"Brainlounge","21:24:00","17:28:00",30
540,"Yabox","02:54:00","12:38:00",16
541,"Kwinu","15:38:00","16:25:00",39
542,"Devpulse","22:29:00","09:58:00",49
543,"Devcast","12:12:00","09:05:00",43
544,"Edgetag","01:15:00","05:02:00",29
545,"Jatri","08:43:00","05:52:00",21
546,"Quimba","13:45:00","16:06:00",7
547,"Shuffledrive","18:47:00","23:57:00",5
548,"Devpoint","00:54:00","21:16:00",13
549,"Youfeed","20:22:00","10:51:00",18
550,"Livepath","05:48:00","01:45:00",27
551,"Vinte","00:31:00","21:32:00",38
552,"Kare","02:45:00","22:02:00",34
553,"Gabtype","06:40:00","07:43:00",19
554,"Mudo","15:40:00","10:36:00",37
555,"Latz","09:58:00","12:38:00",21
556,"Miboo","08:51:00","11:22:00",3
557,"Yotz","22:51:00","01:09:00",35
558,"Dynabox","00:19:00","00:19:00",20
559,"Tagcat","13:39:00","09:55:00",15
560,"Skaboo","04:26:00","20:46:00",43
561,"Feedmix","08:06:00","21:57:00",31
562,"Mymm","18:14:00","16:12:00",30
563,"Trilia","20:36:00","23:12:00",34
564,"Linkbuzz","06:50:00","20:46:00",43
565,"Buzzster","16:23:00","12:05:00",34
566,"Chatterbridge","05:12:00","09:17:00",45
567,"Youbridge","06:04:00","15:30:00",41
568,"Avamba","20:30:00","20:55:00",39
569,"Realcube","01:52:00","19:46:00",46
570,"Zooxo","13:39:00","18:51:00",18
571,"Twitterwire","05:26:00","00:44:00",9
572,"Voolith","16:52:00","10:58:00",20
573,"Minyx","10:04:00","12:45:00",43
574,"Photofeed","03:26:00","02:38:00",27
575,"Vinder","08:11:00","11:00:00",50
576,"Rhycero","03:36:00","02:49:00",18
577,"Skilith","09:06:00","02:53:00",13
578,"Innotype","18:05:00","18:33:00",18
579,"Jabbertype","09:12:00","18:50:00",25
580,"Tazz","01:05:00","00:44:00",37
581,"Kare","12:26:00","21:35:00",19
582,"Quamba","18:48:00","19:10:00",34
583,"Fliptune","22:15:00","01:33:00",8
584,"Podcat","08:49:00","09:10:00",24
585,"Zoomzone","05:18:00","16:49:00",49
586,"Midel","16:15:00","11:44:00",41
587,"Oyondu","23:33:00","10:01:00",28
588,"Babblestorm","15:46:00","13:42:00",20
589,"Gabspot","01:06:00","11:50:00",31
590,"Jaxspan","08:17:00","19:20:00",39
591,"Meezzy","04:54:00","07:20:00",39
592,"Pixoboo","15:54:00","17:17:00",17
593,"Linkbridge","16:58:00","14:23:00",46
594,"Skaboo","19:38:00","06:16:00",11
595,"Thoughtbeat","09:53:00","12:19:00",18
596,"Viva","23:22:00","05:43:00",30
597,"Eare","20:28:00","16:23:00",23
598,"Oodoo","19:35:00","14:39:00",7
599,"Fivebridge","00:10:00","18:30:00",38
600,"Shuffletag","13:13:00","22:54:00",41
601,"Flashdog","23:14:00","16:04:00",22
602,"Gabtune","19:37:00","07:14:00",43
603,"Realcube","14:48:00","20:26:00",11
604,"Buzzster","17:42:00","01:36:00",50
605,"Skiptube","07:44:00","10:17:00",4
606,"Fivespan","22:06:00","10:54:00",40
607,"Eadel","12:34:00","00:49:00",45
608,"Photojam","23:54:00","13:14:00",5
609,"Realfire","21:48:00","21:50:00",24
610,"Buzzshare","22:53:00","05:42:00",5
611,"Voomm","12:37:00","04:21:00",27
612,"Aimbu","18:09:00","00:11:00",42
613,"Wordtune","18:50:00","02:52:00",35
614,"Wikido","10:48:00","01:59:00",12
615,"Roombo","00:20:00","00:47:00",40
616,"Oba","14:05:00","15:09:00",50
617,"Ooba","23:20:00","05:18:00",31
618,"Fadeo","13:35:00","20:34:00",47
619,"Shufflebeat","10:19:00","04:26:00",26
620,"Quimm","07:05:00","04:22:00",10
621,"Yakijo","02:49:00","12:45:00",41
622,"Abata","15:21:00","06:53:00",1
623,"Cogibox","02:15:00","02:33:00",18
624,"Wikizz","11:38:00","01:55:00",29
625,"Babbleopia","01:15:00","00:54:00",36
626,"Jetwire","17:50:00","00:58:00",50
627,"Edgeblab","13:35:00","08:33:00",2
628,"Oyoba","01:22:00","14:01:00",47
629,"Realfire","05:19:00","21:45:00",24
630,"Minyx","13:13:00","21:46:00",48
631,"Avaveo","15:38:00","11:14:00",27
632,"Dabfeed","09:07:00","22:51:00",31
633,"Skaboo","02:06:00","11:21:00",44
634,"Aibox","18:31:00","19:36:00",19
635,"Oyoyo","12:02:00","07:23:00",35
636,"Fivebridge","01:36:00","18:09:00",37
637,"Fivechat","20:18:00","03:10:00",10
638,"Edgeblab","23:41:00","08:10:00",45
639,"Zoozzy","16:35:00","10:42:00",21
640,"Feedfire","15:39:00","11:39:00",9
641,"Aimbo","23:16:00","14:43:00",37
642,"Jabberstorm","16:52:00","04:09:00",42
643,"Roombo","23:43:00","10:48:00",9
644,"Buzzster","05:52:00","13:20:00",49
645,"Gabtune","05:28:00","06:26:00",32
646,"Flipopia","04:22:00","10:48:00",5
647,"Yabox","08:55:00","10:01:00",21
648,"Jabbersphere","05:10:00","11:18:00",41
649,"Mymm","05:49:00","14:07:00",35
650,"Yozio","12:30:00","21:51:00",16
651,"Zoomcast","21:14:00","10:13:00",33
652,"Dabshots","08:56:00","22:55:00",46
653,"Yodoo","07:14:00","03:54:00",10
654,"Trunyx","10:30:00","00:00:00",4
655,"Browsebug","20:46:00","05:03:00",7
656,"Gabtune","20:20:00","21:50:00",25
657,"Mybuzz","04:46:00","22:25:00",14
658,"Thoughtstorm","12:57:00","21:07:00",19
659,"Divanoodle","06:28:00","09:16:00",50
660,"Zoomzone","19:30:00","14:21:00",20
661,"Trilia","07:53:00","23:40:00",6
662,"Photobean","02:15:00","01:21:00",30
663,"Fliptune","21:07:00","17:59:00",20
664,"Minyx","02:39:00","07:46:00",24
665,"Topiclounge","17:52:00","07:43:00",40
666,"Tekfly","23:22:00","17:25:00",32
667,"Voolith","02:39:00","02:10:00",35
668,"Katz","19:00:00","02:05:00",25
669,"Realbuzz","00:28:00","05:35:00",11
670,"Rooxo","04:59:00","05:01:00",4
671,"Quire","05:36:00","22:15:00",42
672,"Quatz","21:57:00","10:15:00",35
673,"Wikibox","03:37:00","09:10:00",34
674,"Aivee","05:31:00","23:53:00",15
675,"Divanoodle","13:56:00","18:33:00",22
676,"Topicware","01:40:00","15:08:00",24
677,"Skippad","13:10:00","03:50:00",6
678,"Tavu","13:34:00","20:13:00",28
679,"Edgewire","05:22:00","21:12:00",47
680,"Oyondu","04:18:00","12:44:00",32
681,"Kwinu","02:36:00","11:13:00",3
682,"Mycat","15:41:00","21:13:00",8
683,"Jabbersphere","12:43:00","17:45:00",7
684,"Vimbo","11:51:00","05:26:00",33
685,"Latz","19:09:00","18:04:00",15
686,"Rhyzio","08:18:00","21:09:00",45
687,"Twimbo","15:32:00","23:58:00",9
688,"Quinu","23:39:00","10:16:00",12
689,"Pixoboo","04:01:00","16:56:00",22
690,"Twimbo","18:38:00","05:58:00",3
691,"Oyoyo","03:09:00","14:57:00",15
692,"Tekfly","07:26:00","04:47:00",18
693,"Thoughtworks","17:31:00","23:24:00",23
694,"Tagtune","12:00:00","05:45:00",9
695,"Linktype","21:13:00","20:35:00",38
696,"Blognation","02:29:00","00:00:00",25
697,"Izio","02:59:00","02:02:00",13
698,"Leenti","02:58:00","11:49:00",37
699,"Divavu","16:24:00","23:57:00",50
700,"Devify","11:35:00","05:50:00",50
701,"Zoomcast","05:10:00","08:13:00",2
702,"Topicshots","13:13:00","06:16:00",37
703,"Youopia","00:02:00","06:31:00",34
704,"Jabbersphere","17:11:00","03:10:00",44
705,"Edgewire","16:26:00","19:13:00",43
706,"Linkbuzz","01:16:00","15:23:00",11
707,"Zooxo","15:25:00","18:57:00",1
708,"Yombu","23:06:00","20:29:00",6
709,"Zoonoodle","07:48:00","10:41:00",36
710,"Bubblebox","15:42:00","17:11:00",6
711,"Devcast","01:06:00","13:49:00",20
712,"Twitterbeat","06:15:00","15:43:00",3
713,"Gigaclub","12:41:00","10:41:00",3
714,"Edgeclub","11:31:00","12:03:00",31
715,"Demizz","09:20:00","14:50:00",11
716,"Voonyx","23:54:00","17:48:00",34
717,"Livefish","15:34:00","06:53:00",6
718,"Tazzy","11:55:00","17:52:00",26
719,"Feednation","14:05:00","17:20:00",50
720,"Aimbu","21:01:00","12:10:00",2
721,"Gigaclub","23:32:00","15:26:00",25
722,"Youopia","13:52:00","07:14:00",36
723,"Realbuzz","07:24:00","06:10:00",5
724,"Thoughtmix","09:25:00","18:29:00",25
725,"Fatz","14:35:00","08:46:00",40
726,"Topicshots","23:21:00","18:06:00",44
727,"Topiclounge","12:50:00","15:57:00",37
728,"Divavu","20:40:00","00:28:00",4
729,"Skivee","18:09:00","12:11:00",38
730,"Brainbox","16:52:00","23:26:00",33
731,"Livetube","03:43:00","22:02:00",6
732,"Blogtags","20:43:00","11:08:00",8
733,"Youbridge","12:19:00","00:21:00",2
734,"Devpulse","10:25:00","15:51:00",49
735,"Buzzbean","11:40:00","02:25:00",42
736,"Skibox","19:13:00","10:29:00",5
737,"Leenti","21:37:00","03:47:00",47
738,"Topiczoom","04:49:00","20:32:00",18
739,"Kimia","07:56:00","18:24:00",23
740,"Voonte","20:00:00","08:26:00",34
741,"Shufflebeat","10:56:00","04:54:00",36
742,"Quimm","18:04:00","05:08:00",33
743,"Tazz","20:15:00","17:38:00",47
744,"Roombo","19:30:00","20:25:00",15
745,"Fiveclub","22:13:00","21:09:00",20
746,"Meedoo","20:54:00","17:32:00",7
747,"Centimia","22:19:00","06:33:00",31
748,"Trudeo","15:37:00","05:05:00",35
749,"Quinu","13:36:00","22:10:00",1
750,"Centimia","17:35:00","14:46:00",3
751,"Zoomcast","19:55:00","09:46:00",5
752,"Kare","05:09:00","20:30:00",32
753,"Zoozzy","14:06:00","16:56:00",47
754,"Vinder","21:08:00","23:30:00",36
755,"Roomm","05:56:00","21:58:00",5
756,"Zoomcast","03:17:00","17:10:00",23
757,"Skimia","10:40:00","22:57:00",8
758,"Twiyo","15:27:00","11:32:00",43
759,"Reallinks","15:44:00","15:28:00",10
760,"Browsedrive","05:21:00","23:31:00",28
761,"Ooba","02:59:00","17:51:00",22
762,"Lazz","04:28:00","22:43:00",48
763,"Jaxworks","09:11:00","17:59:00",18
764,"Gigaclub","02:57:00","14:51:00",50
765,"Agimba","03:02:00","17:25:00",36
766,"Oyoba","14:02:00","08:34:00",35
767,"Vinte","05:04:00","16:14:00",50
768,"Livepath","21:52:00","00:08:00",3
769,"Riffpath","03:39:00","20:44:00",4
770,"Janyx","13:39:00","17:09:00",7
771,"Oozz","23:49:00","03:06:00",6
772,"Feedmix","11:16:00","15:09:00",33
773,"Jatri","23:29:00","23:40:00",45
774,"Avaveo","07:33:00","03:55:00",48
775,"Wordtune","15:40:00","14:37:00",14
776,"Twiyo","20:25:00","14:03:00",29
777,"Thoughtstorm","19:52:00","00:58:00",6
778,"Jaxworks","10:59:00","23:03:00",9
779,"Ozu","09:30:00","17:59:00",6
780,"Wordtune","02:52:00","03:19:00",7
781,"Fliptune","19:29:00","05:06:00",20
782,"Roomm","15:30:00","19:33:00",41
783,"Divavu","11:29:00","21:42:00",37
784,"JumpXS","10:48:00","20:23:00",38
785,"Twitterworks","04:17:00","20:23:00",38
786,"Myworks","05:14:00","10:20:00",34
787,"Youtags","05:33:00","17:58:00",4
788,"Browseblab","23:40:00","23:24:00",19
789,"Myworks","16:52:00","19:51:00",16
790,"Twimm","14:30:00","02:50:00",37
791,"Meeveo","19:26:00","17:31:00",30
792,"Mydeo","01:54:00","17:28:00",49
793,"Eimbee","00:38:00","15:47:00",46
794,"Buzzster","05:37:00","17:56:00",10
795,"Tazzy","19:49:00","05:45:00",48
796,"Cogilith","03:00:00","16:06:00",9
797,"Skyvu","06:03:00","11:51:00",44
798,"Topiclounge","21:14:00","01:34:00",7
799,"Flipbug","15:57:00","08:03:00",28
800,"Lajo","17:23:00","03:37:00",5
801,"Skaboo","11:00:00","03:54:00",38
802,"Buzzshare","20:24:00","01:57:00",27
803,"Yakitri","18:12:00","06:19:00",14
804,"Skipstorm","09:37:00","06:59:00",39
805,"Skibox","08:38:00","17:45:00",33
806,"Camido","13:15:00","06:02:00",45
807,"Muxo","14:56:00","06:14:00",36
808,"Fadeo","15:18:00","20:30:00",26
809,"Snaptags","14:45:00","14:18:00",1
810,"Jaxbean","15:21:00","00:06:00",8
811,"Feednation","00:13:00","01:16:00",21
812,"Riffpath","10:05:00","09:52:00",24
813,"Browsedrive","10:45:00","07:34:00",19
814,"Buzzster","23:33:00","17:46:00",28
815,"Skilith","11:24:00","01:50:00",12
816,"Yadel","11:16:00","01:42:00",23
817,"Twitternation","14:42:00","10:55:00",7
818,"Skipfire","02:05:00","19:03:00",1
819,"Brightdog","07:20:00","05:29:00",25
820,"Yombu","06:16:00","05:36:00",16
821,"Yakijo","11:24:00","04:36:00",40
822,"Katz","16:13:00","16:21:00",37
823,"Kwimbee","01:32:00","04:08:00",29
824,"Brainsphere","15:32:00","19:47:00",24
825,"Dabvine","07:49:00","10:41:00",43
826,"Gabtype","20:16:00","18:08:00",10
827,"Skimia","12:49:00","02:43:00",17
828,"Trudoo","03:41:00","07:06:00",36
829,"Blogtags","06:37:00","19:39:00",34
830,"Centidel","16:06:00","20:29:00",44
831,"Livetube","00:42:00","11:28:00",35
832,"Flipstorm","04:48:00","21:59:00",42
833,"Jetpulse","12:11:00","10:43:00",17
834,"Viva","17:40:00","16:01:00",46
835,"Feedmix","07:50:00","21:18:00",18
836,"Dazzlesphere","20:33:00","15:39:00",23
837,"Divanoodle","09:10:00","00:32:00",33
838,"Skippad","22:34:00","22:33:00",43
839,"Shufflester","21:47:00","11:52:00",12
840,"Vidoo","13:31:00","21:18:00",4
841,"Mydo","02:38:00","15:53:00",9
842,"Fivespan","01:03:00","22:24:00",37
843,"Eidel","19:25:00","12:21:00",43
844,"Jaxnation","17:12:00","09:04:00",49
845,"Twiyo","18:02:00","18:41:00",35
846,"Zoombox","12:02:00","13:40:00",17
847,"Yoveo","19:07:00","16:59:00",44
848,"Quatz","10:44:00","23:06:00",12
849,"Youtags","08:49:00","15:24:00",1
850,"Thoughtstorm","23:33:00","06:11:00",10
851,"Zoomlounge","13:29:00","08:12:00",24
852,"Twinte","22:36:00","17:08:00",20
853,"Fivebridge","10:55:00","10:54:00",5
854,"Rhyzio","07:34:00","18:04:00",8
855,"Roodel","04:12:00","21:47:00",40
856,"Dabvine","18:08:00","03:14:00",40
857,"Meetz","23:07:00","12:23:00",21
858,"Latz","11:22:00","13:20:00",10
859,"Quatz","23:29:00","12:27:00",20
860,"Voonder","20:37:00","02:30:00",5
861,"Yodo","22:30:00","10:40:00",39
862,"Wikizz","09:01:00","19:57:00",11
863,"Skiptube","19:33:00","20:52:00",36
864,"Kaymbo","10:30:00","07:45:00",11
865,"Centimia","15:38:00","01:50:00",47
866,"Shufflebeat","11:36:00","05:21:00",5
867,"Eabox","16:36:00","05:19:00",7
868,"Topdrive","10:44:00","03:28:00",21
869,"Twitternation","00:38:00","19:45:00",41
870,"Wikibox","01:35:00","00:14:00",25
871,"Nlounge","21:08:00","13:33:00",34
872,"Yozio","09:28:00","16:07:00",2
873,"Brainverse","05:00:00","05:48:00",8
874,"Pixonyx","02:32:00","23:21:00",32
875,"Flashspan","07:56:00","13:49:00",3
876,"Eimbee","04:38:00","20:58:00",26
877,"Ooba","12:12:00","08:25:00",5
878,"Meeveo","09:15:00","03:08:00",28
879,"Tavu","23:57:00","06:00:00",50
880,"Pixoboo","15:58:00","00:44:00",49
881,"Shuffletag","08:58:00","18:44:00",27
882,"Roodel","15:51:00","19:21:00",49
883,"Zava","19:48:00","03:30:00",32
884,"Jamia","17:56:00","21:54:00",28
885,"Riffwire","08:49:00","19:18:00",44
886,"Twinte","05:19:00","21:14:00",37
887,"Rhycero","02:18:00","02:56:00",40
888,"Brainlounge","01:08:00","04:16:00",18
889,"Brainverse","06:17:00","10:10:00",15
890,"Wikibox","23:45:00","01:42:00",42
891,"Innojam","21:25:00","07:27:00",12
892,"Wikibox","08:41:00","04:37:00",45
893,"Plambee","01:52:00","05:00:00",10
894,"Meemm","15:49:00","18:43:00",43
895,"Trilia","04:07:00","05:02:00",31
896,"Vidoo","21:26:00","19:56:00",11
897,"Livetube","09:13:00","19:53:00",25
898,"Vimbo","18:59:00","05:23:00",45
899,"Vipe","22:57:00","16:13:00",37
900,"Oyonder","09:57:00","10:14:00",5
901,"Twitternation","21:42:00","19:19:00",18
902,"Flipopia","19:57:00","01:53:00",30
903,"Skidoo","02:14:00","05:08:00",24
904,"Gigabox","08:41:00","04:19:00",2
905,"Livetube","00:38:00","13:08:00",22
906,"Skyba","17:26:00","03:33:00",17
907,"Blogspan","12:16:00","02:42:00",21
908,"Topicshots","06:06:00","21:22:00",1
909,"Fivechat","05:00:00","06:33:00",34
910,"Yata","12:34:00","03:12:00",37
911,"Voolia","19:36:00","07:25:00",32
912,"Meevee","19:27:00","22:00:00",33
913,"Riffwire","18:46:00","10:17:00",28
914,"Tazzy","18:53:00","01:24:00",37
915,"Twinte","19:41:00","11:17:00",35
916,"Teklist","08:56:00","05:58:00",38
917,"Kare","20:16:00","06:03:00",6
918,"Livetube","02:38:00","02:14:00",3
919,"Trudoo","03:25:00","08:09:00",30
920,"Muxo","03:03:00","22:15:00",35
921,"Voonte","00:27:00","10:32:00",49
922,"Thoughtstorm","12:30:00","12:25:00",16
923,"Katz","23:40:00","07:43:00",31
924,"Wordify","11:41:00","14:54:00",25
925,"Gigashots","18:56:00","23:28:00",45
926,"Buzzbean","19:00:00","03:31:00",31
927,"Plambee","11:39:00","11:49:00",23
928,"Kimia","14:09:00","10:38:00",20
929,"Yodel","05:11:00","10:59:00",8
930,"Wikibox","14:19:00","12:04:00",1
931,"Edgeify","01:48:00","16:01:00",6
932,"Feedfire","21:57:00","14:31:00",12
933,"Zava","13:36:00","04:43:00",26
934,"Skilith","10:34:00","21:04:00",49
935,"Reallinks","13:37:00","10:26:00",17
936,"Brainsphere","20:23:00","00:43:00",18
937,"Mydo","22:20:00","22:20:00",43
938,"Zazio","08:10:00","16:52:00",32
939,"Wordify","18:45:00","16:02:00",30
940,"Izio","14:00:00","14:22:00",10
941,"Mybuzz","09:29:00","16:21:00",24
942,"Livepath","16:10:00","05:06:00",6
943,"Skibox","01:23:00","18:57:00",20
944,"Ainyx","16:22:00","09:25:00",24
945,"Skiba","04:34:00","08:06:00",14
946,"Jabbersphere","09:01:00","04:09:00",41
947,"Aibox","21:02:00","20:43:00",36
948,"Livetube","19:39:00","23:15:00",12
949,"Wikivu","01:01:00","15:43:00",49
950,"Jaxspan","05:18:00","02:11:00",26
951,"Oyoloo","08:48:00","10:28:00",13
952,"Edgewire","10:10:00","00:16:00",33
953,"Topdrive","22:15:00","01:45:00",40
954,"Jabbercube","21:34:00","20:42:00",20
955,"Jabbersphere","03:46:00","03:12:00",33
956,"Wordpedia","17:19:00","21:48:00",43
957,"Fivespan","17:21:00","20:51:00",44
958,"Jazzy","11:39:00","00:20:00",26
959,"Skippad","11:02:00","12:45:00",46
960,"Yakidoo","06:33:00","09:14:00",41
961,"Thoughtmix","06:54:00","04:39:00",1
962,"Minyx","03:09:00","11:51:00",15
963,"Myworks","10:43:00","08:25:00",46
964,"Tekfly","04:53:00","09:50:00",27
965,"Yodo","18:24:00","17:18:00",46
966,"Browsezoom","21:55:00","00:12:00",6
967,"Tazzy","17:48:00","04:31:00",39
968,"Meejo","13:20:00","18:20:00",20
969,"Abatz","15:47:00","01:57:00",29
970,"Buzzbean","19:28:00","21:19:00",14
971,"Skyble","21:17:00","09:25:00",11
972,"Linkbridge","10:44:00","16:12:00",10
973,"Zoomlounge","15:31:00","22:13:00",11
974,"Skyble","07:44:00","19:38:00",50
975,"Yakijo","07:43:00","19:48:00",43
976,"Mydeo","15:07:00","03:32:00",40
977,"Flashset","00:24:00","14:04:00",23
978,"Katz","18:06:00","21:27:00",36
979,"Skivee","06:24:00","12:59:00",17
980,"Demivee","23:57:00","00:19:00",42
981,"Dabvine","23:10:00","16:53:00",24
982,"Gabcube","22:54:00","06:39:00",43
983,"Midel","22:04:00","12:01:00",30
984,"Brainverse","04:31:00","17:37:00",25
985,"Twinte","14:15:00","18:20:00",7
986,"Zoonoodle","07:15:00","01:15:00",2
987,"Topdrive","20:13:00","21:28:00",37
988,"Abata","19:14:00","16:44:00",15
989,"Photojam","00:37:00","23:47:00",28
990,"Fivechat","06:27:00","14:45:00",23
991,"Abatz","04:04:00","21:47:00",36
992,"Yozio","00:59:00","19:34:00",48
993,"BlogXS","06:49:00","12:39:00",27
994,"Vitz","22:45:00","07:37:00",17
995,"Brainsphere","17:59:00","12:09:00",49
996,"Bubbletube","03:27:00","19:39:00",32
997,"Demimbu","11:23:00","00:07:00",36
998,"Jabbersphere","21:11:00","15:30:00",50
999,"Devpoint","06:28:00","16:58:00",7
1000,"Ailane","14:23:00","13:28:00",8
1001,"Fiveclub","06:22:00","06:48:00",25
1002,"Yakitri","08:44:00","18:49:00",29
1003,"Edgetag","04:48:00","01:17:00",26
1004,"Demizz","04:57:00","08:13:00",29
1005,"Myworks","23:24:00","09:17:00",46
1006,"Youfeed","19:09:00","10:35:00",2
1007,"Oyondu","22:03:00","23:16:00",44
1008,"Buzzbean","23:55:00","05:43:00",26
1009,"Rhybox","23:24:00","05:12:00",46
1010,"Realcube","16:50:00","04:53:00",3
1011,"Gabtype","15:26:00","04:22:00",22
1012,"Aibox","18:01:00","21:59:00",27
1013,"Twitterbeat","11:04:00","17:56:00",33
1014,"Skajo","13:32:00","12:28:00",2
1015,"Skilith","04:24:00","01:27:00",6
1016,"Photolist","19:02:00","08:20:00",9
1017,"Dabshots","17:48:00","14:51:00",44
1018,"Zoomcast","06:09:00","15:04:00",7
1019,"Topicstorm","15:02:00","16:04:00",44
1020,"Eadel","13:53:00","10:58:00",17
1021,"Skippad","17:15:00","11:59:00",3
1022,"Brightdog","08:09:00","03:51:00",13
1023,"Fliptune","11:03:00","18:10:00",40
1024,"Aibox","21:45:00","14:04:00",50
1025,"Skajo","17:07:00","04:00:00",38
1026,"Oloo","23:46:00","08:51:00",1
1027,"Roodel","13:45:00","23:30:00",23
1028,"Skiba","16:27:00","13:05:00",14
1029,"Voomm","09:35:00","11:45:00",11
1030,"Eire","03:20:00","08:18:00",48
1031,"Photofeed","03:25:00","05:21:00",9
1032,"Youbridge","01:12:00","20:38:00",47
1033,"Abatz","14:43:00","07:35:00",15
1034,"Bluejam","20:43:00","01:56:00",2
1035,"Eazzy","19:53:00","05:04:00",31
1036,"Brainlounge","09:01:00","03:32:00",19
1037,"Aibox","04:34:00","14:44:00",24
1038,"Katz","09:17:00","13:34:00",29
1039,"Topicshots","20:34:00","16:57:00",22
1040,"Mudo","18:09:00","13:07:00",41
1041,"Centimia","22:42:00","08:44:00",37
1042,"Edgewire","02:35:00","03:00:00",16
1043,"Twitterbeat","21:55:00","23:01:00",5
1044,"Skajo","09:02:00","06:59:00",43
1045,"Mita","13:01:00","13:19:00",23
1046,"Rhyloo","01:18:00","04:27:00",45
1047,"Riffpath","18:12:00","12:34:00",17
1048,"Flipopia","01:03:00","20:07:00",40
1049,"Kazu","21:39:00","02:53:00",45
1050,"Flipopia","19:10:00","22:16:00",6
1051,"Zava","09:04:00","02:57:00",36
1052,"Twimbo","20:13:00","04:12:00",35
1053,"Twitterlist","23:01:00","12:11:00",47
1054,"Tagfeed","09:10:00","07:06:00",49
1055,"Skiptube","17:50:00","06:54:00",35
1056,"Skyndu","16:49:00","02:54:00",22
1057,"Pixonyx","19:58:00","17:34:00",2
1058,"Zoonoodle","13:27:00","16:20:00",41
1059,"Omba","12:10:00","09:47:00",2
1060,"Realblab","09:34:00","21:35:00",39
1061,"Yozio","03:52:00","14:38:00",33
1062,"DabZ","14:20:00","20:29:00",31
1063,"Oozz","08:42:00","15:30:00",5
1064,"Edgeify","10:31:00","02:31:00",14
1065,"Devpulse","04:31:00","14:45:00",31
1066,"Eimbee","11:58:00","15:40:00",7
1067,"Cogibox","10:55:00","11:51:00",44
1068,"Plajo","02:48:00","04:40:00",20
1069,"Tambee","21:30:00","06:30:00",38
1070,"Vidoo","20:47:00","03:16:00",35
1071,"Cogibox","04:44:00","13:59:00",21
1072,"Youspan","00:09:00","22:33:00",19
1073,"Yoveo","07:40:00","11:07:00",3
1074,"Jaxworks","05:31:00","01:13:00",35
1075,"Eamia","14:06:00","03:27:00",48
1076,"Kare","14:20:00","10:55:00",18
1077,"Vimbo","12:16:00","09:19:00",13
1078,"Roomm","06:49:00","06:24:00",28
1079,"Thoughtmix","03:36:00","10:08:00",23
1080,"Muxo","23:00:00","18:09:00",21
1081,"Mynte","08:37:00","00:14:00",5
1082,"Ailane","11:08:00","16:57:00",1
1083,"Tazzy","23:27:00","04:15:00",38
1084,"Babbleopia","14:32:00","23:10:00",33
1085,"Tagpad","19:03:00","17:42:00",28
1086,"Layo","04:43:00","14:55:00",35
1087,"Riffpedia","04:38:00","07:51:00",48
1088,"Jabbertype","23:50:00","06:59:00",17
1089,"Devbug","00:41:00","03:58:00",9
1090,"Bubbletube","00:18:00","20:48:00",48
1091,"Meedoo","04:07:00","03:35:00",44
1092,"Rhynyx","18:11:00","10:54:00",4
1093,"Trilia","10:29:00","00:34:00",26
1094,"Kwilith","17:15:00","01:13:00",3
1095,"Camimbo","16:42:00","23:13:00",39
1096,"Babblestorm","05:51:00","07:26:00",13
1097,"Jabbertype","01:41:00","02:37:00",9
1098,"Fivebridge","13:23:00","21:55:00",33
1099,"Thoughtstorm","20:55:00","06:09:00",36
1100,"Oyoba","23:29:00","13:13:00",44
1101,"Vidoo","15:52:00","08:56:00",1
1102,"Devcast","08:51:00","06:57:00",19
1103,"Eimbee","11:36:00","16:55:00",34
1104,"Youfeed","20:55:00","19:33:00",8
1105,"Zoonder","22:10:00","15:45:00",10
1106,"Quimm","15:24:00","19:56:00",41
1107,"Trilith","07:09:00","23:30:00",40
1108,"Zava","00:33:00","01:10:00",27
1109,"Gabtune","07:48:00","05:18:00",47
1110,"Browsetype","06:00:00","09:32:00",40
1111,"Zoomzone","21:19:00","07:20:00",5
1112,"Skajo","03:43:00","04:04:00",45
1113,"Abata","15:36:00","12:37:00",27
1114,"Tambee","14:58:00","21:37:00",18
1115,"Yadel","04:53:00","04:46:00",38
1116,"Jabberbean","04:24:00","02:22:00",37
1117,"Innotype","13:13:00","14:37:00",4
1118,"InnoZ","21:36:00","10:09:00",46
1119,"Mymm","23:12:00","09:00:00",2
1120,"Jazzy","05:52:00","12:15:00",45
1121,"Skidoo","03:20:00","04:58:00",15
