Name,open_at,close_at,country_id
Dabjam,7:46 PM,1:15 AM,42
Fatz,9:40 AM,8:07 PM,2
Kayveo,9:09 PM,9:47 PM,2
Brightdog,2:55 PM,5:22 PM,15
Meezzy,6:10 AM,12:07 AM,19
Trupe,1:56 PM,6:34 PM,44
Jetpulse,5:18 AM,5:27 PM,32
Twinte,9:48 PM,1:24 PM,42
Bubblebox,10:51 AM,6:46 AM,19
Jetwire,9:17 AM,8:13 PM,25
Gabtype,5:51 PM,12:01 AM,22
Realfire,11:36 AM,4:40 AM,14
Quimm,12:08 AM,1:29 AM,30
Jabbersphere,4:31 AM,6:32 PM,43
Youbridge,8:59 PM,7:13 PM,21
Realblab,4:37 PM,9:07 PM,22
Tazz,10:32 AM,12:48 PM,11
Gabspot,7:06 PM,9:41 AM,19
Aimbo,7:59 PM,2:21 AM,4
Flipbug,8:49 PM,5:47 PM,34
Topiclounge,5:17 PM,10:23 AM,25
Trupe,3:34 AM,8:47 AM,29
Twitterwire,4:19 AM,11:14 AM,21
Abata,9:11 PM,6:44 PM,10
Riffpedia,10:44 AM,7:22 PM,32
Voolia,4:43 AM,3:40 PM,27
Miboo,3:08 AM,11:26 PM,28
Jabbersphere,7:47 AM,3:38 AM,14
Wikido,10:37 AM,2:14 PM,43
Skinte,11:47 AM,8:18 PM,38
Oodoo,1:47 PM,3:39 PM,21
Divavu,8:23 PM,10:17 PM,11
Bubblebox,4:01 AM,6:16 PM,26
Geba,12:02 PM,11:44 PM,46
Buzzshare,4:27 PM,12:19 AM,28
Cogibox,12:41 AM,1:09 PM,13
Meetz,6:56 AM,4:37 AM,12
Twiyo,3:22 AM,5:13 PM,21
Linklinks,5:24 AM,11:39 PM,18
Meembee,6:39 PM,8:30 AM,50
Devpulse,9:41 PM,3:13 PM,4
Zoozzy,6:14 AM,6:49 AM,27
Brainbox,5:43 AM,10:38 PM,31
Jatri,10:59 PM,6:02 AM,16
Feedspan,7:28 PM,1:35 AM,3
Blogtag,8:05 AM,6:53 PM,23
Feednation,7:50 AM,12:34 PM,9
Avamba,4:03 AM,2:52 AM,3
Gevee,1:32 PM,6:16 PM,7
Tagchat,3:01 AM,8:35 AM,6
Yakijo,9:47 PM,4:28 AM,18
Devshare,1:36 AM,4:18 PM,39
Quaxo,2:39 AM,8:18 PM,40
Edgetag,8:23 AM,3:40 PM,6
Meevee,9:34 PM,4:12 PM,5
Skippad,4:20 PM,5:50 PM,8
Teklist,2:01 PM,12:34 AM,9
Innojam,8:31 PM,11:47 PM,41
Bubblemix,1:48 PM,5:44 PM,28
Skyvu,8:00 AM,4:35 PM,39
Devshare,6:00 PM,4:18 PM,44
Vidoo,10:31 PM,12:29 PM,36
Aimbu,9:05 AM,12:09 AM,43
Yakijo,4:20 AM,9:58 PM,30
Jabberstorm,1:18 AM,3:41 PM,6
Cogibox,8:58 PM,7:34 PM,21
Teklist,5:32 AM,6:49 AM,50
Dabvine,9:29 AM,2:58 PM,18
Quimba,9:29 AM,8:33 PM,17
Edgepulse,12:06 PM,4:41 AM,14
Yadel,7:24 PM,10:36 AM,28
Bubblebox,11:15 AM,4:33 AM,21
Mynte,9:12 PM,11:12 AM,16
Browseblab,3:51 AM,1:30 PM,37
Skivee,3:41 PM,12:14 PM,16
Thoughtstorm,5:22 PM,10:01 PM,33
Babbleopia,8:24 AM,7:16 PM,34
Photojam,2:12 PM,1:36 PM,8
Buzzdog,2:51 AM,9:54 AM,30
Tekfly,6:01 PM,3:09 PM,20
Bubblemix,2:29 PM,3:37 PM,29
Jabbercube,5:34 PM,11:31 AM,44
Eazzy,4:00 AM,11:08 PM,17
Browsetype,5:20 PM,11:59 AM,7
Livetube,4:52 PM,12:50 PM,29
Twinte,3:28 PM,9:57 PM,35
Devpoint,2:31 PM,9:40 AM,42
Skajo,5:56 AM,5:12 AM,44
Tagcat,2:07 PM,8:14 AM,5
Ainyx,4:09 PM,5:36 AM,46
Skiptube,2:02 AM,10:05 PM,17
Zoomzone,3:16 AM,9:50 AM,28
Tagfeed,9:28 AM,6:10 PM,5
Chatterpoint,8:40 PM,6:15 PM,3
Buzzbean,8:57 PM,5:52 AM,29
Twitterworks,11:38 AM,2:35 AM,6
Abatz,3:40 AM,8:42 AM,2
Meezzy,4:11 PM,1:08 AM,25
Fivebridge,11:43 AM,12:30 PM,40
Plambee,5:52 AM,6:14 AM,47
Yakidoo,7:33 PM,11:49 PM,7
Oyondu,12:21 PM,7:10 PM,17
Thoughtworks,6:20 PM,9:17 PM,44
Fanoodle,4:01 AM,11:07 PM,40
Babbleopia,9:14 PM,2:44 PM,7
Leenti,5:32 AM,4:53 AM,44
Quatz,9:20 PM,6:18 AM,34
Abata,2:53 AM,8:48 AM,36
Brightdog,2:09 PM,3:16 AM,25
Voolia,11:46 AM,4:34 AM,46
Babbleset,8:48 AM,10:24 PM,7
Jabberbean,6:04 AM,11:54 AM,18
Digitube,11:47 AM,7:04 PM,46
Photobean,8:33 AM,11:36 PM,45
Ainyx,2:07 AM,10:28 PM,46
Twitterlist,10:15 AM,2:52 AM,8
Brightbean,11:45 PM,11:04 PM,28
Rhybox,4:48 PM,4:41 AM,16
Topicware,3:41 AM,4:16 PM,3
Topiczoom,10:12 AM,8:51 PM,3
Minyx,12:08 AM,11:34 PM,35
Skinte,11:15 PM,3:42 PM,14
Topicblab,4:41 AM,10:47 AM,1
Podcat,4:24 AM,12:13 AM,50
Fliptune,4:48 PM,5:19 AM,16
Browsedrive,1:48 PM,5:13 AM,4
Meezzy,8:44 AM,3:03 AM,17
Vitz,9:32 AM,9:59 AM,1
Divape,5:26 PM,12:35 AM,9
Pixoboo,10:08 PM,7:55 PM,9
Skyble,2:41 AM,1:34 PM,12
Jazzy,12:22 PM,9:01 PM,5
Meezzy,6:58 PM,2:56 AM,44
Gigashots,7:54 PM,1:34 PM,13
Trunyx,10:58 AM,4:18 AM,23
Katz,1:41 PM,8:50 PM,19
Voonder,3:30 PM,3:18 PM,43
Babblestorm,11:38 AM,12:45 AM,35
Mynte,5:19 PM,9:01 PM,39
Divavu,3:11 AM,9:07 AM,35
Divape,7:09 PM,7:35 AM,40
Yadel,11:16 PM,1:04 AM,25
Devify,4:02 PM,1:07 AM,45
Jabberstorm,7:06 AM,6:14 PM,27
Zoomlounge,12:35 AM,7:22 PM,13
Browsetype,12:45 AM,12:04 PM,7
Yata,5:37 PM,2:44 PM,31
Yambee,12:05 AM,10:41 AM,7
Shuffledrive,4:46 PM,12:14 PM,45
Skinix,12:26 PM,1:44 AM,5
Meetz,3:34 PM,10:11 PM,24
Brainlounge,10:36 AM,2:46 PM,17
Quimm,8:10 PM,2:33 PM,41
Divanoodle,5:03 PM,11:40 AM,6
Edgepulse,10:27 PM,8:20 PM,10
Realpoint,3:21 PM,10:36 AM,20
Feedfish,4:31 AM,1:47 AM,44
Demizz,7:56 PM,6:12 PM,33
Flashdog,11:02 PM,12:30 AM,24
Rhynyx,3:43 AM,6:45 AM,27
Yata,10:16 AM,12:33 PM,34
Trunyx,8:45 PM,7:22 PM,49
Topicshots,6:44 PM,5:50 AM,40
Jabbertype,6:38 AM,6:05 PM,42
Gevee,10:54 PM,2:40 PM,34
Mydo,2:33 PM,12:02 PM,15
Yadel,6:56 PM,1:53 PM,45
Ailane,12:34 AM,6:54 PM,39
Fivebridge,7:28 PM,10:35 AM,25
Gabtype,12:57 AM,3:44 PM,35
Pixope,8:20 AM,5:37 PM,12
Brainbox,8:46 PM,2:32 PM,10
Innotype,4:28 AM,6:24 AM,35
Youspan,6:01 AM,11:12 AM,39
Jamia,3:30 AM,10:47 PM,20
Voonix,8:58 AM,11:46 AM,1
Skimia,5:28 AM,5:14 AM,23
Cogibox,5:07 PM,2:29 PM,43
Flashset,11:55 AM,9:32 AM,1
Jamia,1:45 PM,10:37 PM,29
Izio,6:58 AM,9:48 AM,23
Zoovu,2:26 AM,11:13 PM,44
Meeveo,10:37 PM,6:16 AM,12
Wordify,10:11 AM,10:08 PM,19
Kaymbo,6:44 AM,5:39 AM,50
Yambee,10:41 PM,3:09 AM,4
Midel,9:56 AM,9:30 AM,33
Skinder,10:04 PM,6:51 PM,9
Quatz,2:10 AM,1:57 PM,35
Divanoodle,9:01 AM,11:42 PM,26
Thoughtmix,8:53 AM,1:25 PM,31
InnoZ,10:13 PM,2:52 AM,22
Kwinu,7:03 AM,1:01 AM,9
Shufflester,11:41 PM,12:45 PM,5
Devcast,2:03 AM,7:36 PM,17
Meemm,4:59 AM,8:03 PM,3
Zoombox,4:30 AM,7:54 PM,8
Yakijo,4:51 AM,4:35 PM,12
Skalith,7:31 PM,5:35 AM,4
Skynoodle,10:18 PM,12:02 PM,8
Flashpoint,11:30 AM,12:01 AM,21
Dabshots,5:44 AM,8:12 PM,39
Pixonyx,11:03 PM,9:28 PM,3
Brainverse,12:03 PM,3:39 AM,36
Vitz,11:15 AM,10:15 PM,20
Babbleset,12:24 AM,2:04 AM,9
Shuffledrive,10:10 PM,7:48 AM,3
Latz,9:08 PM,4:32 AM,2
Innotype,9:11 PM,7:47 PM,36
Avavee,4:35 AM,11:47 PM,34
Jabberstorm,6:39 AM,2:43 PM,43
Vimbo,8:00 AM,6:12 PM,39
Livefish,1:37 PM,9:42 PM,46
Rhyzio,5:00 PM,10:43 AM,9
Kwideo,10:23 AM,10:02 AM,7
Wikido,8:24 PM,2:12 PM,36
Photolist,12:19 PM,10:53 PM,28
Eamia,1:15 AM,2:27 AM,29
Jetwire,9:20 AM,9:32 AM,41
Jabberbean,7:50 AM,8:22 PM,35
Oloo,11:21 PM,10:27 AM,50
Vinder,11:37 PM,12:31 PM,48
Demizz,6:22 PM,8:06 PM,32
Shufflebeat,2:58 PM,12:20 PM,17
Skinix,2:17 AM,2:24 AM,36
Mudo,1:20 AM,1:47 PM,38
Dabshots,4:12 PM,10:32 AM,9
Skidoo,11:16 AM,12:59 PM,12
Janyx,12:57 AM,5:47 AM,20
LiveZ,9:29 PM,8:27 PM,41
Snaptags,2:48 PM,10:04 AM,29
Agivu,4:39 PM,8:12 PM,50
Vidoo,1:03 AM,1:21 PM,18
Devbug,4:09 PM,5:35 PM,46
Oba,10:21 PM,4:40 PM,18
Tanoodle,2:48 AM,3:17 PM,11
Buzzster,12:52 AM,6:39 PM,25
Kwideo,4:22 AM,4:29 AM,18
Flashspan,8:02 PM,1:37 AM,12
Fadeo,12:04 AM,5:28 AM,7
Gevee,1:24 AM,10:06 PM,6
Tagcat,11:36 PM,8:12 AM,15
Jaloo,9:47 AM,6:10 AM,11
Pixoboo,7:19 PM,11:37 AM,42
Twitterbeat,8:37 PM,12:31 AM,44
Skajo,9:01 AM,9:55 PM,6
Thoughtworks,10:00 PM,4:43 PM,42
Blogtags,9:44 AM,1:47 PM,49
Realbuzz,5:20 AM,12:38 AM,32
Gigashots,3:09 AM,8:18 PM,16
Skiptube,3:31 AM,1:02 PM,22
Photofeed,4:31 AM,12:36 PM,19
Kaymbo,1:27 AM,12:53 PM,47
Zoomcast,2:03 PM,3:10 AM,18
Vipe,10:30 PM,7:32 AM,21
Yombu,2:24 PM,6:54 AM,13
Oozz,6:53 PM,9:16 AM,42
Skyvu,12:32 PM,2:58 AM,41
Mymm,11:25 AM,11:01 PM,38
Tazz,4:03 PM,8:20 AM,42
Layo,4:14 PM,7:35 PM,38
Dynazzy,1:07 AM,1:20 PM,19
Devify,5:29 PM,6:55 PM,4
Gabspot,2:01 AM,12:36 PM,11
Oyoyo,4:34 PM,6:44 PM,24
Jayo,2:37 PM,8:19 AM,5
Devshare,7:46 AM,1:32 AM,20
Vipe,9:01 AM,11:25 PM,9
Devcast,11:33 AM,9:06 AM,25
Brainverse,10:17 PM,8:01 AM,47
Ntag,1:23 PM,1:36 AM,12
Flipopia,2:39 PM,8:46 PM,41
Voonte,3:41 PM,2:16 AM,33
Mydo,12:55 AM,1:53 AM,14
Demimbu,12:03 PM,9:03 AM,12
Lazz,8:24 AM,2:56 PM,2
Photospace,11:00 PM,3:53 PM,20
Tagtune,6:11 PM,11:00 PM,41
Linktype,12:28 PM,10:02 AM,14
Thoughtbridge,1:43 PM,2:03 PM,17
Photofeed,5:27 PM,7:39 AM,26
Browsebug,10:26 AM,2:28 PM,47
Vimbo,10:32 AM,1:40 PM,1
Realbuzz,10:55 AM,1:57 AM,38
Divavu,2:11 PM,1:53 AM,13
Devpoint,1:04 AM,11:31 PM,32
Realbuzz,6:39 PM,4:39 PM,16
Thoughtmix,9:42 AM,7:29 AM,16
Babbleset,10:19 AM,3:22 AM,32
Gigazoom,4:30 AM,2:01 PM,24
Twitterbeat,3:17 PM,9:47 PM,24
Yodel,3:12 PM,6:58 PM,32
Oyonder,8:23 AM,5:29 AM,47
Pixonyx,7:51 AM,1:47 AM,22
Oloo,11:04 PM,9:53 AM,26
Devcast,8:51 PM,8:41 AM,40
Topiclounge,7:59 AM,9:56 PM,36
Meembee,7:02 PM,12:16 PM,42
Linkbuzz,9:32 PM,12:33 PM,32
Zava,12:05 PM,5:51 PM,12
Linktype,11:13 PM,4:39 PM,11
Rooxo,5:35 PM,5:56 PM,3
Meeveo,2:08 PM,1:06 AM,23
Innojam,9:22 AM,4:30 PM,33
Meejo,11:51 AM,7:13 AM,29
Linklinks,4:01 AM,12:34 AM,49
Skimia,5:31 AM,10:13 AM,31
Bluezoom,9:59 AM,4:12 PM,27
Centimia,5:58 AM,4:46 AM,35
Voonder,4:52 AM,10:27 AM,3
Browsedrive,3:31 AM,3:07 AM,5
Demimbu,3:34 PM,12:08 AM,2
Jazzy,11:48 AM,6:23 PM,45
Chatterbridge,7:17 AM,8:22 PM,1
Centidel,7:27 AM,11:07 AM,5
Chatterbridge,9:11 PM,8:19 PM,18
Photobug,6:22 AM,12:57 PM,22
Yoveo,1:26 PM,9:58 PM,43
Demimbu,2:06 PM,5:08 AM,45
Zoombeat,4:47 PM,6:33 AM,35
Jabbersphere,2:44 PM,3:32 AM,27
Photobean,4:39 AM,8:35 AM,38
Devpoint,3:54 AM,9:24 PM,29
Meedoo,1:41 AM,3:36 PM,45
Livetube,4:18 AM,9:20 PM,26
Janyx,11:27 PM,9:49 AM,24
Oyope,4:00 AM,10:09 AM,4
Mybuzz,9:27 AM,5:30 PM,16
Brightbean,3:22 PM,10:29 PM,1
Roomm,4:07 PM,4:26 PM,38
Mynte,8:13 PM,6:24 PM,37
Zoovu,12:29 AM,12:31 AM,42
Dazzlesphere,4:38 AM,3:22 AM,41
Zoombox,9:36 PM,10:40 AM,8
Abatz,3:21 AM,3:34 PM,32
Trudoo,7:43 AM,12:12 AM,21
Linklinks,12:34 AM,1:59 PM,4
Meejo,1:40 PM,7:45 PM,24
Oba,10:24 AM,7:13 PM,15
Fiveclub,11:21 PM,12:55 AM,2
Wikido,1:22 AM,10:00 PM,18
Thoughtstorm,12:20 AM,10:16 AM,17
Twiyo,5:55 AM,3:04 PM,25
Chatterpoint,11:37 PM,1:11 PM,10
Babbleblab,3:29 AM,8:04 PM,32
Yoveo,12:19 AM,8:18 AM,40
Mita,5:02 AM,2:41 PM,30
Flipstorm,9:00 AM,1:15 AM,21
Realpoint,10:29 AM,11:58 AM,42
Voonder,2:29 PM,1:09 PM,31
Jabbercube,12:17 AM,5:39 AM,42
Youopia,3:09 AM,7:07 PM,26
Leenti,10:05 PM,4:32 PM,16
Tagcat,7:32 AM,11:59 AM,40
Bubbletube,12:44 AM,12:32 AM,37
Riffpath,8:58 AM,11:57 AM,37
Browsetype,2:44 AM,3:17 AM,23
Mynte,1:46 PM,7:34 PM,48
DabZ,1:07 AM,2:43 AM,40
Voonyx,4:48 PM,4:45 AM,46
Oloo,6:28 PM,1:36 PM,38
Edgeify,11:17 AM,11:13 PM,3
Rhynyx,1:07 PM,5:53 PM,50
Thoughtworks,2:10 PM,5:23 PM,37
Thoughtmix,1:24 AM,2:46 PM,22
Babbleblab,2:52 AM,4:51 PM,29
Rhybox,3:43 AM,12:17 AM,14
Devify,3:59 PM,3:32 PM,4
Meedoo,12:00 PM,12:08 PM,46
Brainsphere,6:06 PM,4:29 AM,8
Twitterbeat,2:26 PM,4:10 AM,19
Yodo,7:12 AM,4:34 AM,29
Twinte,2:45 AM,1:28 PM,19
Zoomzone,8:16 PM,11:04 AM,31
Wordware,9:51 AM,6:43 AM,19
Oozz,8:21 AM,7:44 AM,40
Dabtype,6:34 PM,12:49 PM,38
Dynabox,12:01 PM,12:10 PM,3
LiveZ,12:07 PM,10:03 AM,33
Zoomzone,6:17 PM,8:00 AM,31
Tambee,2:51 AM,1:40 AM,28
Agimba,1:27 PM,12:08 PM,30
Mybuzz,11:58 PM,8:24 AM,14
Thoughtmix,10:29 AM,1:06 PM,37
Photobean,7:47 AM,11:07 PM,39
Voonix,1:11 AM,4:50 PM,5
Lazz,3:31 PM,7:57 PM,11
Topdrive,2:31 PM,12:11 AM,8
Twinte,5:20 AM,12:29 PM,26
Zoomdog,9:10 AM,6:13 AM,18
Edgetag,8:02 PM,9:57 AM,49
Topdrive,1:22 PM,10:14 AM,35
Skajo,12:34 PM,10:42 PM,31
Rhyloo,9:05 AM,5:52 AM,50
Skipfire,1:23 AM,11:27 PM,32
Twimbo,12:26 AM,7:17 PM,35
Skipstorm,11:02 PM,12:27 AM,48
Livepath,4:17 PM,10:48 PM,7
Thoughtstorm,10:59 AM,2:09 AM,5
Topiclounge,1:54 PM,8:33 AM,42
Katz,6:16 PM,7:33 PM,33
Fivespan,8:23 PM,11:28 AM,34
Realmix,7:55 AM,3:52 AM,33
Thoughtmix,4:37 PM,10:10 PM,41
Ozu,3:53 PM,1:56 PM,2
Vinder,8:07 AM,1:29 PM,39
Shuffledrive,4:42 PM,11:00 PM,28
Fiveclub,2:27 PM,4:21 AM,2
Eadel,8:14 AM,1:40 PM,1
Skidoo,9:16 AM,7:25 PM,27
Realcube,12:41 PM,9:07 PM,15
Pixope,8:31 PM,1:34 PM,39
Tagpad,5:17 PM,11:45 PM,3
Vitz,11:27 PM,10:59 AM,9
Feedfire,4:03 PM,2:45 AM,23
Skyble,10:37 PM,7:49 PM,44
Eamia,3:02 AM,12:09 PM,20
Brainlounge,9:24 PM,5:28 PM,30
Yabox,2:54 AM,12:38 PM,16
Kwinu,3:38 PM,4:25 PM,39
Devpulse,10:29 PM,9:58 AM,49
Devcast,12:12 PM,9:05 AM,43
Edgetag,1:15 AM,5:02 AM,29
Jatri,8:43 AM,5:52 AM,21
Quimba,1:45 PM,4:06 PM,7
Shuffledrive,6:47 PM,11:57 PM,5
Devpoint,12:54 AM,9:16 PM,13
Youfeed,8:22 PM,10:51 AM,18
Livepath,5:48 AM,1:45 AM,27
Vinte,12:31 AM,9:32 PM,38
Kare,2:45 AM,10:02 PM,34
Gabtype,6:40 AM,7:43 AM,19
Mudo,3:40 PM,10:36 AM,37
Latz,9:58 AM,12:38 PM,21
Miboo,8:51 AM,11:22 AM,3
Yotz,10:51 PM,1:09 AM,35
Dynabox,12:19 AM,12:19 AM,20
Tagcat,1:39 PM,9:55 AM,15
Skaboo,4:26 AM,8:46 PM,43
Feedmix,8:06 AM,9:57 PM,31
Mymm,6:14 PM,4:12 PM,30
Trilia,8:36 PM,11:12 PM,34
Linkbuzz,6:50 AM,8:46 PM,43
Buzzster,4:23 PM,12:05 PM,34
Chatterbridge,5:12 AM,9:17 AM,45
Youbridge,6:04 AM,3:30 PM,41
Avamba,8:30 PM,8:55 PM,39
Realcube,1:52 AM,7:46 PM,46
Zooxo,1:39 PM,6:51 PM,18
Twitterwire,5:26 AM,12:44 AM,9
Voolith,4:52 PM,10:58 AM,20
Minyx,10:04 AM,12:45 PM,43
Photofeed,3:26 AM,2:38 AM,27
Vinder,8:11 AM,11:00 AM,50
Rhycero,3:36 AM,2:49 AM,18
Skilith,9:06 AM,2:53 AM,13
Innotype,6:05 PM,6:33 PM,18
Jabbertype,9:12 AM,6:50 PM,25
Tazz,1:05 AM,12:44 AM,37
Kare,12:26 PM,9:35 PM,19
Quamba,6:48 PM,7:10 PM,34
Fliptune,10:15 PM,1:33 AM,8
Podcat,8:49 AM,9:10 AM,24
Zoomzone,5:18 AM,4:49 PM,49
Midel,4:15 PM,11:44 AM,41
Oyondu,11:33 PM,10:01 AM,28
Babblestorm,3:46 PM,1:42 PM,20
Gabspot,1:06 AM,11:50 AM,31
Jaxspan,8:17 AM,7:20 PM,39
Meezzy,4:54 AM,7:20 AM,39
Pixoboo,3:54 PM,5:17 PM,17
Linkbridge,4:58 PM,2:23 PM,46
Skaboo,7:38 PM,6:16 AM,11
Thoughtbeat,9:53 AM,12:19 PM,18
Viva,11:22 PM,5:43 AM,30
Eare,8:28 PM,4:23 PM,23
Oodoo,7:35 PM,2:39 PM,7
Fivebridge,12:10 AM,6:30 PM,38
Shuffletag,1:13 PM,10:54 PM,41
Flashdog,11:14 PM,4:04 PM,22
Gabtune,7:37 PM,7:14 AM,43
Realcube,2:48 PM,8:26 PM,11
Buzzster,5:42 PM,1:36 AM,50
Skiptube,7:44 AM,10:17 AM,4
Fivespan,10:06 PM,10:54 AM,40
Eadel,12:34 PM,12:49 AM,45
Photojam,11:54 PM,1:14 PM,5
Realfire,9:48 PM,9:50 PM,24
Buzzshare,10:53 PM,5:42 AM,5
Voomm,12:37 PM,4:21 AM,27
Aimbu,6:09 PM,12:11 AM,42
Wordtune,6:50 PM,2:52 AM,35
Wikido,10:48 AM,1:59 AM,12
Roombo,12:20 AM,12:47 AM,40
Oba,2:05 PM,3:09 PM,50
Ooba,11:20 PM,5:18 AM,31
Fadeo,1:35 PM,8:34 PM,47
Shufflebeat,10:19 AM,4:26 AM,26
Quimm,7:05 AM,4:22 AM,10
Yakijo,2:49 AM,12:45 PM,41
Abata,3:21 PM,6:53 AM,1
Cogibox,2:15 AM,2:33 AM,18
Wikizz,11:38 AM,1:55 AM,29
Babbleopia,1:15 AM,12:54 AM,36
Jetwire,5:50 PM,12:58 AM,50
Edgeblab,1:35 PM,8:33 AM,2
Oyoba,1:22 AM,2:01 PM,47
Realfire,5:19 AM,9:45 PM,24
Minyx,1:13 PM,9:46 PM,48
Avaveo,3:38 PM,11:14 AM,27
Dabfeed,9:07 AM,10:51 PM,31
Skaboo,2:06 AM,11:21 AM,44
Aibox,6:31 PM,7:36 PM,19
Oyoyo,12:02 PM,7:23 AM,35
Fivebridge,1:36 AM,6:09 PM,37
Fivechat,8:18 PM,3:10 AM,10
Edgeblab,11:41 PM,8:10 AM,45
Zoozzy,4:35 PM,10:42 AM,21
Feedfire,3:39 PM,11:39 AM,9
Aimbo,11:16 PM,2:43 PM,37
Jabberstorm,4:52 PM,4:09 AM,42
Roombo,11:43 PM,10:48 AM,9
Buzzster,5:52 AM,1:20 PM,49
Gabtune,5:28 AM,6:26 AM,32
Flipopia,4:22 AM,10:48 AM,5
Yabox,8:55 AM,10:01 AM,21
Jabbersphere,5:10 AM,11:18 AM,41
Mymm,5:49 AM,2:07 PM,35
Yozio,12:30 PM,9:51 PM,16
Zoomcast,9:14 PM,10:13 AM,33
Dabshots,8:56 AM,10:55 PM,46
Yodoo,7:14 AM,3:54 AM,10
Trunyx,10:30 AM,12:00 AM,4
Browsebug,8:46 PM,5:03 AM,7
Gabtune,8:20 PM,9:50 PM,25
Mybuzz,4:46 AM,10:25 PM,14
Thoughtstorm,12:57 PM,9:07 PM,19
Divanoodle,6:28 AM,9:16 AM,50
Zoomzone,7:30 PM,2:21 PM,20
Trilia,7:53 AM,11:40 PM,6
Photobean,2:15 AM,1:21 AM,30
Fliptune,9:07 PM,5:59 PM,20
Minyx,2:39 AM,7:46 AM,24
Topiclounge,5:52 PM,7:43 AM,40
Tekfly,11:22 PM,5:25 PM,32
Voolith,2:39 AM,2:10 AM,35
Katz,7:00 PM,2:05 AM,25
Realbuzz,12:28 AM,5:35 AM,11
Rooxo,4:59 AM,5:01 AM,4
Quire,5:36 AM,10:15 PM,42
Quatz,9:57 PM,10:15 AM,35
Wikibox,3:37 AM,9:10 AM,34
Aivee,5:31 AM,11:53 PM,15
Divanoodle,1:56 PM,6:33 PM,22
Topicware,1:40 AM,3:08 PM,24
Skippad,1:10 PM,3:50 AM,6
Tavu,1:34 PM,8:13 PM,28
Edgewire,5:22 AM,9:12 PM,47
Oyondu,4:18 AM,12:44 PM,32
Kwinu,2:36 AM,11:13 AM,3
Mycat,3:41 PM,9:13 PM,8
Jabbersphere,12:43 PM,5:45 PM,7
Vimbo,11:51 AM,5:26 AM,33
Latz,7:09 PM,6:04 PM,15
Rhyzio,8:18 AM,9:09 PM,45
Twimbo,3:32 PM,11:58 PM,9
Quinu,11:39 PM,10:16 AM,12
Pixoboo,4:01 AM,4:56 PM,22
Twimbo,6:38 PM,5:58 AM,3
Oyoyo,3:09 AM,2:57 PM,15
Tekfly,7:26 AM,4:47 AM,18
Thoughtworks,5:31 PM,11:24 PM,23
Tagtune,12:00 PM,5:45 AM,9
Linktype,9:13 PM,8:35 PM,38
Blognation,2:29 AM,12:00 AM,25
Izio,2:59 AM,2:02 AM,13
Leenti,2:58 AM,11:49 AM,37
Divavu,4:24 PM,11:57 PM,50
Devify,11:35 AM,5:50 AM,50
Zoomcast,5:10 AM,8:13 AM,2
Topicshots,1:13 PM,6:16 AM,37
Youopia,12:02 AM,6:31 AM,34
Jabbersphere,5:11 PM,3:10 AM,44
Edgewire,4:26 PM,7:13 PM,43
Linkbuzz,1:16 AM,3:23 PM,11
Zooxo,3:25 PM,6:57 PM,1
Yombu,11:06 PM,8:29 PM,6
Zoonoodle,7:48 AM,10:41 AM,36
Bubblebox,3:42 PM,5:11 PM,6
Devcast,1:06 AM,1:49 PM,20
Twitterbeat,6:15 AM,3:43 PM,3
Gigaclub,12:41 PM,10:41 AM,3
Edgeclub,11:31 AM,12:03 PM,31
Demizz,9:20 AM,2:50 PM,11
Voonyx,11:54 PM,5:48 PM,34
Livefish,3:34 PM,6:53 AM,6
Tazzy,11:55 AM,5:52 PM,26
Feednation,2:05 PM,5:20 PM,50
Aimbu,9:01 PM,12:10 PM,2
Gigaclub,11:32 PM,3:26 PM,25
Youopia,1:52 PM,7:14 AM,36
Realbuzz,7:24 AM,6:10 AM,5
Thoughtmix,9:25 AM,6:29 PM,25
Fatz,2:35 PM,8:46 AM,40
Topicshots,11:21 PM,6:06 PM,44
Topiclounge,12:50 PM,3:57 PM,37
Divavu,8:40 PM,12:28 AM,4
Skivee,6:09 PM,12:11 PM,38
Brainbox,4:52 PM,11:26 PM,33
Livetube,3:43 AM,10:02 PM,6
Blogtags,8:43 PM,11:08 AM,8
Youbridge,12:19 PM,12:21 AM,2
Devpulse,10:25 AM,3:51 PM,49
Buzzbean,11:40 AM,2:25 AM,42
Skibox,7:13 PM,10:29 AM,5
Leenti,9:37 PM,3:47 AM,47
Topiczoom,4:49 AM,8:32 PM,18
Kimia,7:56 AM,6:24 PM,23
Voonte,8:00 PM,8:26 AM,34
Shufflebeat,10:56 AM,4:54 AM,36
Quimm,6:04 PM,5:08 AM,33
Tazz,8:15 PM,5:38 PM,47
Roombo,7:30 PM,8:25 PM,15
Fiveclub,10:13 PM,9:09 PM,20
Meedoo,8:54 PM,5:32 PM,7
Centimia,10:19 PM,6:33 AM,31
Trudeo,3:37 PM,5:05 AM,35
Quinu,1:36 PM,10:10 PM,1
Centimia,5:35 PM,2:46 PM,3
Zoomcast,7:55 PM,9:46 AM,5
Kare,5:09 AM,8:30 PM,32
Zoozzy,2:06 PM,4:56 PM,47
Vinder,9:08 PM,11:30 PM,36
Roomm,5:56 AM,9:58 PM,5
Zoomcast,3:17 AM,5:10 PM,23
Skimia,10:40 AM,10:57 PM,8
Twiyo,3:27 PM,11:32 AM,43
Reallinks,3:44 PM,3:28 PM,10
Browsedrive,5:21 AM,11:31 PM,28
Ooba,2:59 AM,5:51 PM,22
Lazz,4:28 AM,10:43 PM,48
Jaxworks,9:11 AM,5:59 PM,18
Gigaclub,2:57 AM,2:51 PM,50
Agimba,3:02 AM,5:25 PM,36
Oyoba,2:02 PM,8:34 AM,35
Vinte,5:04 AM,4:14 PM,50
Livepath,9:52 PM,12:08 AM,3
Riffpath,3:39 AM,8:44 PM,4
Janyx,1:39 PM,5:09 PM,7
Oozz,11:49 PM,3:06 AM,6
Feedmix,11:16 AM,3:09 PM,33
Jatri,11:29 PM,11:40 PM,45
Avaveo,7:33 AM,3:55 AM,48
Wordtune,3:40 PM,2:37 PM,14
Twiyo,8:25 PM,2:03 PM,29
Thoughtstorm,7:52 PM,12:58 AM,6
Jaxworks,10:59 AM,11:03 PM,9
Ozu,9:30 AM,5:59 PM,6
Wordtune,2:52 AM,3:19 AM,7
Fliptune,7:29 PM,5:06 AM,20
Roomm,3:30 PM,7:33 PM,41
Divavu,11:29 AM,9:42 PM,37
JumpXS,10:48 AM,8:23 PM,38
Twitterworks,4:17 AM,8:23 PM,38
Myworks,5:14 AM,10:20 AM,34
Youtags,5:33 AM,5:58 PM,4
Browseblab,11:40 PM,11:24 PM,19
Myworks,4:52 PM,7:51 PM,16
Twimm,2:30 PM,2:50 AM,37
Meeveo,7:26 PM,5:31 PM,30
Mydeo,1:54 AM,5:28 PM,49
Eimbee,12:38 AM,3:47 PM,46
Buzzster,5:37 AM,5:56 PM,10
Tazzy,7:49 PM,5:45 AM,48
Cogilith,3:00 AM,4:06 PM,9
Skyvu,6:03 AM,11:51 AM,44
Topiclounge,9:14 PM,1:34 AM,7
Flipbug,3:57 PM,8:03 AM,28
Lajo,5:23 PM,3:37 AM,5
Skaboo,11:00 AM,3:54 AM,38
Buzzshare,8:24 PM,1:57 AM,27
Yakitri,6:12 PM,6:19 AM,14
Skipstorm,9:37 AM,6:59 AM,39
Skibox,8:38 AM,5:45 PM,33
Camido,1:15 PM,6:02 AM,45
Muxo,2:56 PM,6:14 AM,36
Fadeo,3:18 PM,8:30 PM,26
Snaptags,2:45 PM,2:18 PM,1
Jaxbean,3:21 PM,12:06 AM,8
Feednation,12:13 AM,1:16 AM,21
Riffpath,10:05 AM,9:52 AM,24
Browsedrive,10:45 AM,7:34 AM,19
Buzzster,11:33 PM,5:46 PM,28
Skilith,11:24 AM,1:50 AM,12
Yadel,11:16 AM,1:42 AM,23
Twitternation,2:42 PM,10:55 AM,7
Skipfire,2:05 AM,7:03 PM,1
Brightdog,7:20 AM,5:29 AM,25
Yombu,6:16 AM,5:36 AM,16
Yakijo,11:24 AM,4:36 AM,40
Katz,4:13 PM,4:21 PM,37
Kwimbee,1:32 AM,4:08 AM,29
Brainsphere,3:32 PM,7:47 PM,24
Dabvine,7:49 AM,10:41 AM,43
Gabtype,8:16 PM,6:08 PM,10
Skimia,12:49 PM,2:43 AM,17
Trudoo,3:41 AM,7:06 AM,36
Blogtags,6:37 AM,7:39 PM,34
Centidel,4:06 PM,8:29 PM,44
Livetube,12:42 AM,11:28 AM,35
Flipstorm,4:48 AM,9:59 PM,42
Jetpulse,12:11 PM,10:43 AM,17
Viva,5:40 PM,4:01 PM,46
Feedmix,7:50 AM,9:18 PM,18
Dazzlesphere,8:33 PM,3:39 PM,23
Divanoodle,9:10 AM,12:32 AM,33
Skippad,10:34 PM,10:33 PM,43
Shufflester,9:47 PM,11:52 AM,12
Vidoo,1:31 PM,9:18 PM,4
Mydo,2:38 AM,3:53 PM,9
Fivespan,1:03 AM,10:24 PM,37
Eidel,7:25 PM,12:21 PM,43
Jaxnation,5:12 PM,9:04 AM,49
Twiyo,6:02 PM,6:41 PM,35
Zoombox,12:02 PM,1:40 PM,17
Yoveo,7:07 PM,4:59 PM,44
Quatz,10:44 AM,11:06 PM,12
Youtags,8:49 AM,3:24 PM,1
Thoughtstorm,11:33 PM,6:11 AM,10
Zoomlounge,1:29 PM,8:12 AM,24
Twinte,10:36 PM,5:08 PM,20
Fivebridge,10:55 AM,10:54 AM,5
Rhyzio,7:34 AM,6:04 PM,8
Roodel,4:12 AM,9:47 PM,40
Dabvine,6:08 PM,3:14 AM,40
Meetz,11:07 PM,12:23 PM,21
Latz,11:22 AM,1:20 PM,10
Quatz,11:29 PM,12:27 PM,20
Voonder,8:37 PM,2:30 AM,5
Yodo,10:30 PM,10:40 AM,39
Wikizz,9:01 AM,7:57 PM,11
Skiptube,7:33 PM,8:52 PM,36
Kaymbo,10:30 AM,7:45 AM,11
Centimia,3:38 PM,1:50 AM,47
Shufflebeat,11:36 AM,5:21 AM,5
Eabox,4:36 PM,5:19 AM,7
Topdrive,10:44 AM,3:28 AM,21
Twitternation,12:38 AM,7:45 PM,41
Wikibox,1:35 AM,12:14 AM,25
Nlounge,9:08 PM,1:33 PM,34
Yozio,9:28 AM,4:07 PM,2
Brainverse,5:00 AM,5:48 AM,8
Pixonyx,2:32 AM,11:21 PM,32
Flashspan,7:56 AM,1:49 PM,3
Eimbee,4:38 AM,8:58 PM,26
Ooba,12:12 PM,8:25 AM,5
Meeveo,9:15 AM,3:08 AM,28
Tavu,11:57 PM,6:00 AM,50
Pixoboo,3:58 PM,12:44 AM,49
Shuffletag,8:58 AM,6:44 PM,27
Roodel,3:51 PM,7:21 PM,49
Zava,7:48 PM,3:30 AM,32
Jamia,5:56 PM,9:54 PM,28
Riffwire,8:49 AM,7:18 PM,44
Twinte,5:19 AM,9:14 PM,37
Rhycero,2:18 AM,2:56 AM,40
Brainlounge,1:08 AM,4:16 AM,18
Brainverse,6:17 AM,10:10 AM,15
Wikibox,11:45 PM,1:42 AM,42
Innojam,9:25 PM,7:27 AM,12
Wikibox,8:41 AM,4:37 AM,45
Plambee,1:52 AM,5:00 AM,10
Meemm,3:49 PM,6:43 PM,43
Trilia,4:07 AM,5:02 AM,31
Vidoo,9:26 PM,7:56 PM,11
Livetube,9:13 AM,7:53 PM,25
Vimbo,6:59 PM,5:23 AM,45
Vipe,10:57 PM,4:13 PM,37
Oyonder,9:57 AM,10:14 AM,5
Twitternation,9:42 PM,7:19 PM,18
Flipopia,7:57 PM,1:53 AM,30
Skidoo,2:14 AM,5:08 AM,24
Gigabox,8:41 AM,4:19 AM,2
Livetube,12:38 AM,1:08 PM,22
Skyba,5:26 PM,3:33 AM,17
Blogspan,12:16 PM,2:42 AM,21
Topicshots,6:06 AM,9:22 PM,1
Fivechat,5:00 AM,6:33 AM,34
Yata,12:34 PM,3:12 AM,37
Voolia,7:36 PM,7:25 AM,32
Meevee,7:27 PM,10:00 PM,33
Riffwire,6:46 PM,10:17 AM,28
Tazzy,6:53 PM,1:24 AM,37
Twinte,7:41 PM,11:17 AM,35
Teklist,8:56 AM,5:58 AM,38
Kare,8:16 PM,6:03 AM,6
Livetube,2:38 AM,2:14 AM,3
Trudoo,3:25 AM,8:09 AM,30
Muxo,3:03 AM,10:15 PM,35
Voonte,12:27 AM,10:32 AM,49
Thoughtstorm,12:30 PM,12:25 PM,16
Katz,11:40 PM,7:43 AM,31
Wordify,11:41 AM,2:54 PM,25
Gigashots,6:56 PM,11:28 PM,45
Buzzbean,7:00 PM,3:31 AM,31
Plambee,11:39 AM,11:49 AM,23
Kimia,2:09 PM,10:38 AM,20
Yodel,5:11 AM,10:59 AM,8
Wikibox,2:19 PM,12:04 PM,1
Edgeify,1:48 AM,4:01 PM,6
Feedfire,9:57 PM,2:31 PM,12
Zava,1:36 PM,4:43 AM,26
Skilith,10:34 AM,9:04 PM,49
Reallinks,1:37 PM,10:26 AM,17
Brainsphere,8:23 PM,12:43 AM,18
Mydo,10:20 PM,10:20 PM,43
Zazio,8:10 AM,4:52 PM,32
Wordify,6:45 PM,4:02 PM,30
Izio,2:00 PM,2:22 PM,10
Mybuzz,9:29 AM,4:21 PM,24
Livepath,4:10 PM,5:06 AM,6
Skibox,1:23 AM,6:57 PM,20
Ainyx,4:22 PM,9:25 AM,24
Skiba,4:34 AM,8:06 AM,14
Jabbersphere,9:01 AM,4:09 AM,41
Aibox,9:02 PM,8:43 PM,36
Livetube,7:39 PM,11:15 PM,12
Wikivu,1:01 AM,3:43 PM,49
Jaxspan,5:18 AM,2:11 AM,26
Oyoloo,8:48 AM,10:28 AM,13
Edgewire,10:10 AM,12:16 AM,33
Topdrive,10:15 PM,1:45 AM,40
Jabbercube,9:34 PM,8:42 PM,20
Jabbersphere,3:46 AM,3:12 AM,33
Wordpedia,5:19 PM,9:48 PM,43
Fivespan,5:21 PM,8:51 PM,44
Jazzy,11:39 AM,12:20 AM,26
Skippad,11:02 AM,12:45 PM,46
Yakidoo,6:33 AM,9:14 AM,41
Thoughtmix,6:54 AM,4:39 AM,1
Minyx,3:09 AM,11:51 AM,15
Myworks,10:43 AM,8:25 AM,46
Tekfly,4:53 AM,9:50 AM,27
Yodo,6:24 PM,5:18 PM,46
Browsezoom,9:55 PM,12:12 AM,6
Tazzy,5:48 PM,4:31 AM,39
Meejo,1:20 PM,6:20 PM,20
Abatz,3:47 PM,1:57 AM,29
Buzzbean,7:28 PM,9:19 PM,14
Skyble,9:17 PM,9:25 AM,11
Linkbridge,10:44 AM,4:12 PM,10
Zoomlounge,3:31 PM,10:13 PM,11
Skyble,7:44 AM,7:38 PM,50
Yakijo,7:43 AM,7:48 PM,43
Mydeo,3:07 PM,3:32 AM,40
Flashset,12:24 AM,2:04 PM,23
Katz,6:06 PM,9:27 PM,36
Skivee,6:24 AM,12:59 PM,17
Demivee,11:57 PM,12:19 AM,42
Dabvine,11:10 PM,4:53 PM,24
Gabcube,10:54 PM,6:39 AM,43
Midel,10:04 PM,12:01 PM,30
Brainverse,4:31 AM,5:37 PM,25
Twinte,2:15 PM,6:20 PM,7
Zoonoodle,7:15 AM,1:15 AM,2
Topdrive,8:13 PM,9:28 PM,37
Abata,7:14 PM,4:44 PM,15
Photojam,12:37 AM,11:47 PM,28
Fivechat,6:27 AM,2:45 PM,23
Abatz,4:04 AM,9:47 PM,36
Yozio,12:59 AM,7:34 PM,48
BlogXS,6:49 AM,12:39 PM,27
Vitz,10:45 PM,7:37 AM,17
Brainsphere,5:59 PM,12:09 PM,49
Bubbletube,3:27 AM,7:39 PM,32
Demimbu,11:23 AM,12:07 AM,36
Jabbersphere,9:11 PM,3:30 PM,50
Devpoint,6:28 AM,4:58 PM,7
Ailane,2:23 PM,1:28 PM,8
Fiveclub,6:22 AM,6:48 AM,25
Yakitri,8:44 AM,6:49 PM,29
Edgetag,4:48 AM,1:17 AM,26
Demizz,4:57 AM,8:13 AM,29
Myworks,11:24 PM,9:17 AM,46
Youfeed,7:09 PM,10:35 AM,2
Oyondu,10:03 PM,11:16 PM,44
Buzzbean,11:55 PM,5:43 AM,26
Rhybox,11:24 PM,5:12 AM,46
Realcube,4:50 PM,4:53 AM,3
Gabtype,3:26 PM,4:22 AM,22
Aibox,6:01 PM,9:59 PM,27
Twitterbeat,11:04 AM,5:56 PM,33
Skajo,1:32 PM,12:28 PM,2
Skilith,4:24 AM,1:27 AM,6
Photolist,7:02 PM,8:20 AM,9
Dabshots,5:48 PM,2:51 PM,44
Zoomcast,6:09 AM,3:04 PM,7
Topicstorm,3:02 PM,4:04 PM,44
Eadel,1:53 PM,10:58 AM,17
Skippad,5:15 PM,11:59 AM,3
Brightdog,8:09 AM,3:51 AM,13
Fliptune,11:03 AM,6:10 PM,40
Aibox,9:45 PM,2:04 PM,50
Skajo,5:07 PM,4:00 AM,38
Oloo,11:46 PM,8:51 AM,1
Roodel,1:45 PM,11:30 PM,23
Skiba,4:27 PM,1:05 PM,14
Voomm,9:35 AM,11:45 AM,11
Eire,3:20 AM,8:18 AM,48
Photofeed,3:25 AM,5:21 AM,9
Youbridge,1:12 AM,8:38 PM,47
Abatz,2:43 PM,7:35 AM,15
Bluejam,8:43 PM,1:56 AM,2
Eazzy,7:53 PM,5:04 AM,31
Brainlounge,9:01 AM,3:32 AM,19
Aibox,4:34 AM,2:44 PM,24
Katz,9:17 AM,1:34 PM,29
Topicshots,8:34 PM,4:57 PM,22
Mudo,6:09 PM,1:07 PM,41
Centimia,10:42 PM,8:44 AM,37
Edgewire,2:35 AM,3:00 AM,16
Twitterbeat,9:55 PM,11:01 PM,5
Skajo,9:02 AM,6:59 AM,43
Mita,1:01 PM,1:19 PM,23
Rhyloo,1:18 AM,4:27 AM,45
Riffpath,6:12 PM,12:34 PM,17
Flipopia,1:03 AM,8:07 PM,40
Kazu,9:39 PM,2:53 AM,45
Flipopia,7:10 PM,10:16 PM,6
Zava,9:04 AM,2:57 AM,36
Twimbo,8:13 PM,4:12 AM,35
Twitterlist,11:01 PM,12:11 PM,47
Tagfeed,9:10 AM,7:06 AM,49
Skiptube,5:50 PM,6:54 AM,35
Skyndu,4:49 PM,2:54 AM,22
Pixonyx,7:58 PM,5:34 PM,2
Zoonoodle,1:27 PM,4:20 PM,41
Omba,12:10 PM,9:47 AM,2
Realblab,9:34 AM,9:35 PM,39
Yozio,3:52 AM,2:38 PM,33
DabZ,2:20 PM,8:29 PM,31
Oozz,8:42 AM,3:30 PM,5
Edgeify,10:31 AM,2:31 AM,14
Devpulse,4:31 AM,2:45 PM,31
Eimbee,11:58 AM,3:40 PM,7
Cogibox,10:55 AM,11:51 AM,44
Plajo,2:48 AM,4:40 AM,20
Tambee,9:30 PM,6:30 AM,38
Vidoo,8:47 PM,3:16 AM,35
Cogibox,4:44 AM,1:59 PM,21
Youspan,12:09 AM,10:33 PM,19
Yoveo,7:40 AM,11:07 AM,3
Jaxworks,5:31 AM,1:13 AM,35
Eamia,2:06 PM,3:27 AM,48
Kare,2:20 PM,10:55 AM,18
Vimbo,12:16 PM,9:19 AM,13
Roomm,6:49 AM,6:24 AM,28
Thoughtmix,3:36 AM,10:08 AM,23
Muxo,11:00 PM,6:09 PM,21
Mynte,8:37 AM,12:14 AM,5
Ailane,11:08 AM,4:57 PM,1
Tazzy,11:27 PM,4:15 AM,38
Babbleopia,2:32 PM,11:10 PM,33
Tagpad,7:03 PM,5:42 PM,28
Layo,4:43 AM,2:55 PM,35
Riffpedia,4:38 AM,7:51 AM,48
Jabbertype,11:50 PM,6:59 AM,17
Devbug,12:41 AM,3:58 AM,9
Bubbletube,12:18 AM,8:48 PM,48
Meedoo,4:07 AM,3:35 AM,44
Rhynyx,6:11 PM,10:54 AM,4
Trilia,10:29 AM,12:34 AM,26
Kwilith,5:15 PM,1:13 AM,3
Camimbo,4:42 PM,11:13 PM,39
Babblestorm,5:51 AM,7:26 AM,13
Jabbertype,1:41 AM,2:37 AM,9
Fivebridge,1:23 PM,9:55 PM,33
Thoughtstorm,8:55 PM,6:09 AM,36
Oyoba,11:29 PM,1:13 PM,44
Vidoo,3:52 PM,8:56 AM,1
Devcast,8:51 AM,6:57 AM,19
Eimbee,11:36 AM,4:55 PM,34
Youfeed,8:55 PM,7:33 PM,8
Zoonder,10:10 PM,3:45 PM,10
Quimm,3:24 PM,7:56 PM,41
Trilith,7:09 AM,11:30 PM,40
Zava,12:33 AM,1:10 AM,27
Gabtune,7:48 AM,5:18 AM,47
Browsetype,6:00 AM,9:32 AM,40
Zoomzone,9:19 PM,7:20 AM,5
Skajo,3:43 AM,4:04 AM,45
Abata,3:36 PM,12:37 PM,27
Tambee,2:58 PM,9:37 PM,18
Yadel,4:53 AM,4:46 AM,38
Jabberbean,4:24 AM,2:22 AM,37
Innotype,1:13 PM,2:37 PM,4
InnoZ,9:36 PM,10:09 AM,46
Mymm,11:12 PM,9:00 AM,2
Jazzy,5:52 AM,12:15 PM,45
Skidoo,3:20 AM,4:58 AM,15
